﻿<project version="2.9" name="CMPUT301ProjectMockup" ID="228CB927-8A83-4147-8E28-9E76AE1F7A2A">
  <params>
    <pageParam version="5.3" minAllowVersion="5.3"/>
    <projectParam version="2.9" minAllowVersion="2.9" platform="MtMobile" orientation="MoPortrait" mobileScreenScale="1.77777779102325" mobileType="mmtAndroid" pageSize="(360,640)" backgroundColor="4294967295" fontSize="0" fontFamily="" projectType="ptPersonalProject" isShowTitleIndex="False"/>
    <previewParam version="1.0"/>
    <colorParam version="1.0"/>
  </params>
  <pages>
    <page name="LoginAndRegiser" ID="97BDAD3F-1AC2-4B7D-A9D0-E30FFE6F9E72" expanded="True" status="psGreen" isfolder="True" isshownode="True">
      <page name="StartPage" ID="373853AB-E85E-4412-9562-CA5F60ECD1F7" expanded="True" code="W4N9TACCLs" thumbCode="W4N9TACCLs" status="psWhite" isfolder="False" isshownode="True"/>
      <page name="Register" ID="12CFE421-46CE-4281-BD8F-DDDD1B787E3D" expanded="True" code="RTcY4EGgss" thumbCode="RTcY4EGgss" status="psWhite" isfolder="False" isshownode="True">
        <images>
          <image key="B91434690C5B5224D1CC6B1998F1178A.svg"/>
          <image key="671B6BE607975A74FB470B2A24F33C46.svg"/>
          <image key="B006535552ADCF3C660B10FA6D267D70.svg"/>
        </images>
      </page>
      <page name="Login" ID="590BB407-6748-4D8C-A7F7-D608CB90500B" expanded="True" code="FHm8dbhCJH" thumbCode="FHm8dbhCJH" status="psWhite" isfolder="False" isshownode="True">
        <images>
          <image key="671B6BE607975A74FB470B2A24F33C46.svg"/>
          <image key="B006535552ADCF3C660B10FA6D267D70.svg"/>
        </images>
      </page>
    </page>
    <page name="Homepage" ID="AE0C3D71-A63F-4F43-9D21-3D29CC11C540" expanded="True" status="psGreen" isfolder="True" isshownode="True">
      <page name="Home" ID="38381CBD-5D8A-4BB3-9C76-4F9FDC1E7441" expanded="True" code="hZP4SLIGM9" thumbCode="hZP4SLIGM9" status="psWhite" isfolder="False" isshownode="True">
        <images>
          <image key="A4BBA5CCC7880CC1D7108AAE4A99AB6E.svg"/>
          <image key="C9A19AEA8333861081ABFD164D361FEF.svg"/>
          <image key="5B42555577E2EDEFD5648F7EACF271B1.svg"/>
          <image key="3F77B22234EDDB48994560DDABECE656.png"/>
          <image key="CDEBBF7EBDD37DA54AC604792FCAECCA.svg"/>
          <image key="C3F54CC0DAA83EB09A3BC8D826191F5F.png"/>
          <image key="CD616F9260210EA68075D5A705AADBEE.png"/>
          <image key="273F820FD8252835AA1E7927378AF485.svg"/>
          <image key="3A09DFA083517FC02D21EECAF673412D.png"/>
          <image key="73FC889120652F85382D9B9A1D289CC7.png"/>
          <image key="B580EFDE757BFEFDFAE97C8770013819.svg"/>
          <image key="C93E5DB575CF3B81893ADD27F2CFFCC4.png"/>
          <image key="D08755C22A9B40B6BF65036DEC8B44B4.svg"/>
          <image key="CF75DBB601952B6BB4B151C544C1D2C8.svg"/>
        </images>
      </page>
      <page name="Pierce_Mood_Detail" ID="8E37487E-73D1-4265-AF04-E2A3B8C8B1BC" expanded="True" code="NEi9TDqEaB" thumbCode="NEi9TDqEaB" status="psWhite" isfolder="False" isshownode="True">
        <images>
          <image key="3F77B22234EDDB48994560DDABECE656.png"/>
          <image key="C9A19AEA8333861081ABFD164D361FEF.svg"/>
          <image key="A4EF71E4031C84B946953DC5BCA285E0.png"/>
          <image key="D95E480717200F895E41DB6E5B869596.svg"/>
          <image key="53B5D04159697ED2309FEFE29A4D06A0.gif"/>
        </images>
      </page>
      <page name="Google Maps" ID="7EEF8204-AA12-46CC-8A22-5419C37A4194" expanded="True" code="Cfj4HJb3Go" thumbCode="Cfj4HJb3Go" status="psWhite" isfolder="False" isshownode="True">
        <images>
          <image key="D95E480717200F895E41DB6E5B869596.svg"/>
          <image key="474A61FDC203C97B2EEFAF494C017CCB.svg"/>
        </images>
      </page>
    </page>
    <page name="Search" ID="8EDBE6BF-63BA-4F06-9295-A3637D3C1DC3" expanded="True" status="psGreen" isfolder="True" isshownode="True">
      <page name="Search" ID="3DA3CBBA-396A-4985-8A4A-FF31BB10ABBA" expanded="True" code="FHcZrCTnH5" thumbCode="FHcZrCTnH5" status="psWhite" isfolder="False" isshownode="True">
        <images>
          <image key="A4BBA5CCC7880CC1D7108AAE4A99AB6E.svg"/>
          <image key="5B42555577E2EDEFD5648F7EACF271B1.svg"/>
          <image key="2DC4046875679DEA4111B47AE9385427.svg"/>
          <image key="B580EFDE757BFEFDFAE97C8770013819.svg"/>
          <image key="CF75DBB601952B6BB4B151C544C1D2C8.svg"/>
          <image key="D08755C22A9B40B6BF65036DEC8B44B4.svg"/>
        </images>
      </page>
      <page name="Search_keyboard" ID="822BE20E-9CC2-46AD-A1D6-6CA9050D3C28" expanded="True" code="ZrfPyZMvEf" thumbCode="yIBMcyuM3S" status="psWhite" isfolder="False" isshownode="True">
        <images>
          <image key="A4BBA5CCC7880CC1D7108AAE4A99AB6E.svg"/>
          <image key="5B42555577E2EDEFD5648F7EACF271B1.svg"/>
          <image key="2DC4046875679DEA4111B47AE9385427.svg"/>
          <image key="B580EFDE757BFEFDFAE97C8770013819.svg"/>
          <image key="CF75DBB601952B6BB4B151C544C1D2C8.svg"/>
          <image key="D08755C22A9B40B6BF65036DEC8B44B4.svg"/>
        </images>
      </page>
      <page name="Seach_result" ID="01E931DA-745F-42DF-A2B9-BF7BE5CCFE5D" expanded="True" code="2yb9yqeBld" thumbCode="2yb9yqeBld" status="psWhite" isfolder="False" isshownode="True">
        <images>
          <image key="A4BBA5CCC7880CC1D7108AAE4A99AB6E.svg"/>
          <image key="B580EFDE757BFEFDFAE97C8770013819.svg"/>
          <image key="5B42555577E2EDEFD5648F7EACF271B1.svg"/>
          <image key="2DC4046875679DEA4111B47AE9385427.svg"/>
          <image key="CD616F9260210EA68075D5A705AADBEE.png"/>
          <image key="3A09DFA083517FC02D21EECAF673412D.png"/>
          <image key="D08755C22A9B40B6BF65036DEC8B44B4.svg"/>
          <image key="CF75DBB601952B6BB4B151C544C1D2C8.svg"/>
        </images>
      </page>
      <page name="Seach_result_unfollow" ID="C4173E57-7BF1-430F-8171-7916237C2F1A" expanded="True" code="dytzbl11tn" thumbCode="dytzbl11tn" status="psWhite" isfolder="False" isshownode="True">
        <images>
          <image key="A4BBA5CCC7880CC1D7108AAE4A99AB6E.svg"/>
          <image key="B580EFDE757BFEFDFAE97C8770013819.svg"/>
          <image key="5B42555577E2EDEFD5648F7EACF271B1.svg"/>
          <image key="2DC4046875679DEA4111B47AE9385427.svg"/>
          <image key="CD616F9260210EA68075D5A705AADBEE.png"/>
          <image key="3A09DFA083517FC02D21EECAF673412D.png"/>
          <image key="D08755C22A9B40B6BF65036DEC8B44B4.svg"/>
          <image key="CF75DBB601952B6BB4B151C544C1D2C8.svg"/>
        </images>
      </page>
    </page>
    <page name="Post" ID="F67AB4F4-4799-46FB-BEDB-7DFCF7227F57" expanded="True" status="psGreen" isfolder="True" isshownode="True">
      <page name="Post" ID="7110ACB6-31F4-42A7-AB9F-33644F29A409" expanded="True" code="vnLKSl9QYc" thumbCode="vnLKSl9QYc" status="psWhite" isfolder="False" isshownode="True">
        <images>
          <image key="A4BBA5CCC7880CC1D7108AAE4A99AB6E.svg"/>
          <image key="A4C7FAF132EA69193C97FAD1B86B1A62.png"/>
          <image key="C9A19AEA8333861081ABFD164D361FEF.svg"/>
          <image key="784D3084F9C2AFEEB7C71AAC6A2AAEE8.svg"/>
          <image key="B580EFDE757BFEFDFAE97C8770013819.svg"/>
          <image key="5B42555577E2EDEFD5648F7EACF271B1.svg"/>
          <image key="C93E5DB575CF3B81893ADD27F2CFFCC4.png"/>
          <image key="3D5E90344E23C923EF92911B802563ED.svg"/>
          <image key="C3F54CC0DAA83EB09A3BC8D826191F5F.png"/>
          <image key="D08755C22A9B40B6BF65036DEC8B44B4.svg"/>
          <image key="273F820FD8252835AA1E7927378AF485.svg"/>
          <image key="CF75DBB601952B6BB4B151C544C1D2C8.svg"/>
        </images>
      </page>
      <page name="happy" ID="D473A54C-78D6-47EB-9087-FBD8D4447925" expanded="True" code="sKUf84kdsA" thumbCode="sKUf84kdsA" status="psWhite" isfolder="False" isshownode="True">
        <images>
          <image key="A4BBA5CCC7880CC1D7108AAE4A99AB6E.svg"/>
          <image key="C9A19AEA8333861081ABFD164D361FEF.svg"/>
          <image key="3F77B22234EDDB48994560DDABECE656.png"/>
          <image key="5B42555577E2EDEFD5648F7EACF271B1.svg"/>
          <image key="C3F54CC0DAA83EB09A3BC8D826191F5F.png"/>
          <image key="784D3084F9C2AFEEB7C71AAC6A2AAEE8.svg"/>
          <image key="273F820FD8252835AA1E7927378AF485.svg"/>
          <image key="B580EFDE757BFEFDFAE97C8770013819.svg"/>
          <image key="3D5E90344E23C923EF92911B802563ED.svg"/>
          <image key="C93E5DB575CF3B81893ADD27F2CFFCC4.png"/>
          <image key="D08755C22A9B40B6BF65036DEC8B44B4.svg"/>
          <image key="CF75DBB601952B6BB4B151C544C1D2C8.svg"/>
          <image key="53B5D04159697ED2309FEFE29A4D06A0.gif"/>
        </images>
      </page>
      <page name="angry" ID="E166939B-9366-4FCD-90CF-FEB1F38702B2" expanded="True" code="NvSVHHE5IB" thumbCode="NvSVHHE5IB" status="psWhite" isfolder="False" isshownode="True">
        <images>
          <image key="A4BBA5CCC7880CC1D7108AAE4A99AB6E.svg"/>
          <image key="C9A19AEA8333861081ABFD164D361FEF.svg"/>
          <image key="1D85297B1B4479BFF730FCE4DC772A6A.jpg"/>
          <image key="5B42555577E2EDEFD5648F7EACF271B1.svg"/>
          <image key="C3F54CC0DAA83EB09A3BC8D826191F5F.png"/>
          <image key="784D3084F9C2AFEEB7C71AAC6A2AAEE8.svg"/>
          <image key="273F820FD8252835AA1E7927378AF485.svg"/>
          <image key="73FC889120652F85382D9B9A1D289CC7.png"/>
          <image key="B580EFDE757BFEFDFAE97C8770013819.svg"/>
          <image key="3D5E90344E23C923EF92911B802563ED.svg"/>
          <image key="C93E5DB575CF3B81893ADD27F2CFFCC4.png"/>
          <image key="D08755C22A9B40B6BF65036DEC8B44B4.svg"/>
          <image key="CF75DBB601952B6BB4B151C544C1D2C8.svg"/>
        </images>
      </page>
    </page>
    <page name="Notification" ID="07A72E3A-E1FD-4D95-A1DF-2F7F880C0F2B" expanded="True" status="psGreen" isfolder="True" isshownode="True">
      <page name="Notification" ID="8948A0DB-0DC4-4561-BBA7-3D6AC8D58F83" expanded="True" code="MzgAvXwE7m" thumbCode="icPHS8tVd4" status="psWhite" isfolder="False" isshownode="True">
        <images>
          <image key="A4BBA5CCC7880CC1D7108AAE4A99AB6E.svg"/>
          <image key="B580EFDE757BFEFDFAE97C8770013819.svg"/>
          <image key="D7DA1B5CC5016F19423657DEAE52E6AA.png"/>
          <image key="BE7009F047A9E69EC5A82A7D8122A8F5.png"/>
          <image key="97FF09C495B7AAED669E6CB6D6FC6A98.png"/>
          <image key="5B42555577E2EDEFD5648F7EACF271B1.svg"/>
          <image key="3A09DFA083517FC02D21EECAF673412D.png"/>
          <image key="CD616F9260210EA68075D5A705AADBEE.png"/>
          <image key="D08755C22A9B40B6BF65036DEC8B44B4.svg"/>
          <image key="CF75DBB601952B6BB4B151C544C1D2C8.svg"/>
        </images>
      </page>
      <page name="Notification_after_delete" ID="3CD2585F-00DD-4E11-8177-32F4B2375516" expanded="True" code="cIZElWqsyi" thumbCode="cIZElWqsyi" status="psWhite" isfolder="False" isshownode="True">
        <images>
          <image key="A4BBA5CCC7880CC1D7108AAE4A99AB6E.svg"/>
          <image key="B580EFDE757BFEFDFAE97C8770013819.svg"/>
          <image key="D7DA1B5CC5016F19423657DEAE52E6AA.png"/>
          <image key="97FF09C495B7AAED669E6CB6D6FC6A98.png"/>
          <image key="5B42555577E2EDEFD5648F7EACF271B1.svg"/>
          <image key="3A09DFA083517FC02D21EECAF673412D.png"/>
          <image key="D08755C22A9B40B6BF65036DEC8B44B4.svg"/>
          <image key="CF75DBB601952B6BB4B151C544C1D2C8.svg"/>
        </images>
      </page>
      <page name="Notification_after_accept" ID="F481D3A1-5B6D-4A90-B889-C2D5F9A37F82" expanded="True" code="it34Ms8iEL" thumbCode="it34Ms8iEL" status="psWhite" isfolder="False" isshownode="True">
        <images>
          <image key="A4BBA5CCC7880CC1D7108AAE4A99AB6E.svg"/>
          <image key="5B42555577E2EDEFD5648F7EACF271B1.svg"/>
          <image key="B580EFDE757BFEFDFAE97C8770013819.svg"/>
          <image key="CF75DBB601952B6BB4B151C544C1D2C8.svg"/>
          <image key="D08755C22A9B40B6BF65036DEC8B44B4.svg"/>
        </images>
      </page>
    </page>
    <page name="About Me" ID="EC03CAD8-41F6-42AC-9B2A-A3DED0089B0F" expanded="True" status="psGreen" isfolder="True" isshownode="True">
      <page name="About_Me" ID="99FBBEBF-5621-42D1-82F8-F5CFD925F04A" expanded="True" code="m7XivcjbHz" thumbCode="m7XivcjbHz" status="psWhite" isfolder="False" isshownode="True">
        <images>
          <image key="A4BBA5CCC7880CC1D7108AAE4A99AB6E.svg"/>
          <image key="C9A19AEA8333861081ABFD164D361FEF.svg"/>
          <image key="69A4D1E5CE13432C6A4F579026917C6A.svg"/>
          <image key="5B42555577E2EDEFD5648F7EACF271B1.svg"/>
          <image key="CD616F9260210EA68075D5A705AADBEE.png"/>
          <image key="CDEBBF7EBDD37DA54AC604792FCAECCA.svg"/>
          <image key="3F77B22234EDDB48994560DDABECE656.png"/>
          <image key="C3F54CC0DAA83EB09A3BC8D826191F5F.png"/>
          <image key="273F820FD8252835AA1E7927378AF485.svg"/>
          <image key="73FC889120652F85382D9B9A1D289CC7.png"/>
          <image key="B580EFDE757BFEFDFAE97C8770013819.svg"/>
          <image key="BE7009F047A9E69EC5A82A7D8122A8F5.png"/>
          <image key="C93E5DB575CF3B81893ADD27F2CFFCC4.png"/>
          <image key="D08755C22A9B40B6BF65036DEC8B44B4.svg"/>
          <image key="CF75DBB601952B6BB4B151C544C1D2C8.svg"/>
        </images>
      </page>
      <page name="Edit_Mood" ID="1468A4DD-1D8F-4371-8007-65626B131C9C" expanded="True" code="gBTB6BG7zN" thumbCode="gBTB6BG7zN" status="psWhite" isfolder="False" isshownode="True">
        <images>
          <image key="D95E480717200F895E41DB6E5B869596.svg"/>
          <image key="C9A19AEA8333861081ABFD164D361FEF.svg"/>
          <image key="3F77B22234EDDB48994560DDABECE656.png"/>
          <image key="C93E5DB575CF3B81893ADD27F2CFFCC4.png"/>
          <image key="3D5E90344E23C923EF92911B802563ED.svg"/>
          <image key="C3F54CC0DAA83EB09A3BC8D826191F5F.png"/>
          <image key="784D3084F9C2AFEEB7C71AAC6A2AAEE8.svg"/>
          <image key="273F820FD8252835AA1E7927378AF485.svg"/>
          <image key="53B5D04159697ED2309FEFE29A4D06A0.gif"/>
        </images>
      </page>
      <page name="Delete_Mood" ID="1C7A34DF-AB2B-4389-9757-E8F32C1D7FE2" expanded="True" code="5cMBYgx9ku" thumbCode="oBsI9XWZed" isLastOpen="True" status="psWhite" isfolder="False" isshownode="True">
        <images>
          <image key="A4BBA5CCC7880CC1D7108AAE4A99AB6E.svg"/>
          <image key="C9A19AEA8333861081ABFD164D361FEF.svg"/>
          <image key="69A4D1E5CE13432C6A4F579026917C6A.svg"/>
          <image key="5B42555577E2EDEFD5648F7EACF271B1.svg"/>
          <image key="CD616F9260210EA68075D5A705AADBEE.png"/>
          <image key="CDEBBF7EBDD37DA54AC604792FCAECCA.svg"/>
          <image key="3F77B22234EDDB48994560DDABECE656.png"/>
          <image key="C3F54CC0DAA83EB09A3BC8D826191F5F.png"/>
          <image key="B580EFDE757BFEFDFAE97C8770013819.svg"/>
          <image key="BE7009F047A9E69EC5A82A7D8122A8F5.png"/>
          <image key="C93E5DB575CF3B81893ADD27F2CFFCC4.png"/>
          <image key="D08755C22A9B40B6BF65036DEC8B44B4.svg"/>
          <image key="CF75DBB601952B6BB4B151C544C1D2C8.svg"/>
        </images>
      </page>
      <page name="Happy_Mood_Detail" ID="68FB9C23-FD13-460B-A7DE-9DE460B749BE" expanded="True" code="GlTZexS6WV" thumbCode="GlTZexS6WV" status="psWhite" isfolder="False" isshownode="True">
        <images>
          <image key="3F77B22234EDDB48994560DDABECE656.png"/>
          <image key="C9A19AEA8333861081ABFD164D361FEF.svg"/>
          <image key="A4EF71E4031C84B946953DC5BCA285E0.png"/>
          <image key="D95E480717200F895E41DB6E5B869596.svg"/>
          <image key="53B5D04159697ED2309FEFE29A4D06A0.gif"/>
        </images>
      </page>
      <page name="Angry_Mood_Detail" ID="767D3B9C-059E-49BF-B43A-775BF133483B" expanded="True" code="bupVTzpKQr" thumbCode="bupVTzpKQr" status="psWhite" isfolder="False" isshownode="True">
        <images>
          <image key="1D85297B1B4479BFF730FCE4DC772A6A.jpg"/>
          <image key="C9A19AEA8333861081ABFD164D361FEF.svg"/>
          <image key="A81633ACDF29AE2E23C889C952BDAB62.png"/>
          <image key="73FC889120652F85382D9B9A1D289CC7.png"/>
          <image key="D95E480717200F895E41DB6E5B869596.svg"/>
          <image key="273F820FD8252835AA1E7927378AF485.svg"/>
        </images>
      </page>
      <page name="Google Maps" ID="D4C0C9B3-1E3E-4E42-8B5F-568420CEB014" expanded="True" code="hHB57yQQHp" thumbCode="hHB57yQQHp" status="psWhite" isfolder="False" isshownode="True">
        <images>
          <image key="D95E480717200F895E41DB6E5B869596.svg"/>
          <image key="474A61FDC203C97B2EEFAF494C017CCB.svg"/>
        </images>
      </page>
      <page name="My_Followings" ID="DAD693B5-0D92-4D4E-A710-DEF553CC639C" expanded="True" code="hAKCV9kbs2" thumbCode="hAKCV9kbs2" status="psWhite" isfolder="False" isshownode="True">
        <images>
          <image key="3A09DFA083517FC02D21EECAF673412D.png"/>
          <image key="CD616F9260210EA68075D5A705AADBEE.png"/>
          <image key="2DC4046875679DEA4111B47AE9385427.svg"/>
          <image key="D95E480717200F895E41DB6E5B869596.svg"/>
        </images>
      </page>
      <page name="Unfollow" ID="770D5E5A-0D23-419B-9A5F-D11B3E472709" expanded="True" code="brLQxdhYsx" thumbCode="brLQxdhYsx" status="psWhite" isfolder="False" isshownode="True">
        <images>
          <image key="2DC4046875679DEA4111B47AE9385427.svg"/>
          <image key="D95E480717200F895E41DB6E5B869596.svg"/>
          <image key="CD616F9260210EA68075D5A705AADBEE.png"/>
        </images>
      </page>
    </page>
  </pages>
  <trash>
    <page name="Login" ID="55E333C4-28D3-4191-B4E2-BAA05C06B4D0" expanded="True" code="5AxOkP2aqs" thumbCode="RWl7M9eJLg" isLastOpen="True" status="psWhite" isfolder="False" isshownode="True"/>
    <page name="页面" ID="06A32231-7353-4AE3-B19E-F1CDC8108068" expanded="False" code="psskGue8OU" thumbCode="BdGVCmN6Qi" isLastOpen="True" status="psWhite" isfolder="False" isshownode="True"/>
    <page name="页面" ID="0F5F7FFA-CB1C-42D6-BDC9-4999F6E507DB" expanded="False" code="owBHaGJRMi" thumbCode="hBTRQjqIsY" isLastOpen="True" status="psWhite" isfolder="False" isshownode="True"/>
    <page name="Post 1" ID="FA4B3E38-13EC-4221-9ED1-EB25E9CAFD27" expanded="True" code="NvMGY8NnyN" thumbCode="JJQ7Vlojqg" status="psWhite" isfolder="False" isshownode="True"/>
    <page name="unknownMood" ID="B80164C8-A5F6-473D-8B94-D25DE9601EE3" expanded="True" code="GleaBw1qqr" thumbCode="RpDSuSTNZm" isLastOpen="True" status="psWhite" isfolder="False" isshownode="True">
      <images>
        <image key="A4C7FAF132EA69193C97FAD1B86B1A62.png"/>
      </images>
    </page>
    <page name="Post" ID="FE70BFFA-C699-4001-9FEA-ED3861D08DCB" expanded="True" code="QxzgbhHp5Q" thumbCode="bny9V14HN2" status="psWhite" isfolder="False" isshownode="True">
      <images>
        <image key="A4BBA5CCC7880CC1D7108AAE4A99AB6E.svg"/>
        <image key="C3F54CC0DAA83EB09A3BC8D826191F5F.png"/>
        <image key="C9A19AEA8333861081ABFD164D361FEF.svg"/>
        <image key="D08755C22A9B40B6BF65036DEC8B44B4.svg"/>
        <image key="B580EFDE757BFEFDFAE97C8770013819.svg"/>
        <image key="3D5E90344E23C923EF92911B802563ED.svg"/>
        <image key="C93E5DB575CF3B81893ADD27F2CFFCC4.png"/>
        <image key="5B42555577E2EDEFD5648F7EACF271B1.svg"/>
        <image key="A4C7FAF132EA69193C97FAD1B86B1A62.png"/>
        <image key="E71285E60CC121AE330BA2F0427C7663.svg"/>
        <image key="CF75DBB601952B6BB4B151C544C1D2C8.svg"/>
        <image key="273F820FD8252835AA1E7927378AF485.svg"/>
      </images>
    </page>
  </trash>
  <deletes/>
  <masters/>
  <images>
    <image key="C9A19AEA8333861081ABFD164D361FEF.svg"/>
    <image key="A4EF71E4031C84B946953DC5BCA285E0.png"/>
    <image key="1D85297B1B4479BFF730FCE4DC772A6A.jpg"/>
    <image key="3A09DFA083517FC02D21EECAF673412D.png"/>
    <image key="CD616F9260210EA68075D5A705AADBEE.png"/>
    <image key="5B42555577E2EDEFD5648F7EACF271B1.svg"/>
    <image key="B006535552ADCF3C660B10FA6D267D70.svg"/>
    <image key="3F77B22234EDDB48994560DDABECE656.png"/>
    <image key="B91434690C5B5224D1CC6B1998F1178A.svg"/>
    <image key="474A61FDC203C97B2EEFAF494C017CCB.svg"/>
    <image key="B580EFDE757BFEFDFAE97C8770013819.svg"/>
    <image key="D7DA1B5CC5016F19423657DEAE52E6AA.png"/>
    <image key="2DC4046875679DEA4111B47AE9385427.svg"/>
    <image key="C93E5DB575CF3B81893ADD27F2CFFCC4.png"/>
    <image key="CF75DBB601952B6BB4B151C544C1D2C8.svg"/>
    <image key="A4BBA5CCC7880CC1D7108AAE4A99AB6E.svg"/>
    <image key="69A4D1E5CE13432C6A4F579026917C6A.svg"/>
    <image key="97FF09C495B7AAED669E6CB6D6FC6A98.png"/>
    <image key="CDEBBF7EBDD37DA54AC604792FCAECCA.svg"/>
    <image key="C3F54CC0DAA83EB09A3BC8D826191F5F.png"/>
    <image key="671B6BE607975A74FB470B2A24F33C46.svg"/>
    <image key="273F820FD8252835AA1E7927378AF485.svg"/>
    <image key="784D3084F9C2AFEEB7C71AAC6A2AAEE8.svg"/>
    <image key="D95E480717200F895E41DB6E5B869596.svg"/>
    <image key="73FC889120652F85382D9B9A1D289CC7.png"/>
    <image key="A81633ACDF29AE2E23C889C952BDAB62.png"/>
    <image key="BE7009F047A9E69EC5A82A7D8122A8F5.png"/>
    <image key="3D5E90344E23C923EF92911B802563ED.svg"/>
    <image key="A4C7FAF132EA69193C97FAD1B86B1A62.png"/>
    <image key="E71285E60CC121AE330BA2F0427C7663.svg"/>
    <image key="D08755C22A9B40B6BF65036DEC8B44B4.svg"/>
    <image key="53B5D04159697ED2309FEFE29A4D06A0.gif"/>
  </images>
</project>