﻿<mockup version="5.3" minAllowVersion="5.3" ID="01E931DA-745F-42DF-A2B9-BF7BE5CCFE5D" platform="MtMobile" defaultW="360" defaultH="640" measureW="360" measureH="640" screenOrientation="MoPortrait" mobileScreenScale="1.77777779102325" clipArea="(0,0,0,0)">
  <controls controlCount="31">
    <control controlID="5CCE35D0-27BE-4288-9355-818422065916" controlTypeID="Tabs" x="0" y="620" w="360" h="20" zOrder="0">
      <font family="%E7%AD%89%E7%BA%BF+Light" displayName="%E7%AD%89%E7%BA%BF+Light" postScript="" weightStyle="Regular" weight="300" isBold="False" isItalic="False" useDefaultFontFamily="False"/>
      <text>Home%2CSearch%2CPost%2CNotification%2CMe</text>
      <textColor>4284900966</textColor>
      <textSize>14</textSize>
      <lineSpacing>0</lineSpacing>
      <selectedIndex>1</selectedIndex>
      <dividerColor>4293190884</dividerColor>
      <selectedTextColor>4278242559</selectedTextColor>
    </control>
    <control controlID="8C4E29F5-02B9-46C8-BD45-824398497D63" controlTypeID="Icon" x="95" y="596" w="24" h="24" zOrder="1">
      <color>4278242559</color>
      <icon>
        <ID/>
        <iconFontName>jdIcoFont</iconFontName>
        <iconCode>59217</iconCode>
      </icon>
      <URL>5B42555577E2EDEFD5648F7EACF271B1.svg</URL>
    </control>
    <control controlID="9D88D464-272E-4694-9CA0-63CE5C8E51E0" controlTypeID="Icon" x="239" y="596" w="24" h="24" zOrder="2">
      <links eventType="AtClick" animate="AmNone" animateAutoDelay="0" animateDuration="500">
        <link targetPageID="8948A0DB-0DC4-4561-BBA7-3D6AC8D58F83" linkType="ltPageLink" isApplyIncludePage="False" title="Notification">
          <area shape="0" alt="" ID="{8478B24B-5CD5-43D6-A3CA-E977204A0C30}" coords="(0,0,24,24)"/>
        </link>
      </links>
      <icon>
        <ID/>
        <iconFontName>jdFontAwesome</iconFontName>
        <iconCode>61443</iconCode>
      </icon>
      <URL>B580EFDE757BFEFDFAE97C8770013819.svg</URL>
    </control>
    <control controlID="97EE0568-FE29-4935-B826-4979E2091DCC" controlTypeID="Icon" x="23" y="596" w="24" h="24" zOrder="3">
      <links eventType="AtClick" animate="AmNone" animateAutoDelay="0" animateDuration="500">
        <link targetPageID="38381CBD-5D8A-4BB3-9C76-4F9FDC1E7441" linkType="ltPageLink" isApplyIncludePage="False" title="Home">
          <area shape="0" alt="" ID="{25FFC346-2A86-4C19-AB3C-32B0469532E6}" coords="(0,0,24,24)"/>
        </link>
      </links>
      <icon>
        <ID/>
        <iconFontName>jdIonicons</iconFontName>
        <iconCode>62535</iconCode>
      </icon>
      <URL>CF75DBB601952B6BB4B151C544C1D2C8.svg</URL>
    </control>
    <control controlID="3487ACD5-27D1-4AEC-9FE2-25FEEA957730" controlTypeID="Icon" x="310" y="596" w="24" h="24" zOrder="4">
      <links eventType="AtClick" animate="AmNone" animateAutoDelay="0" animateDuration="500">
        <link targetPageID="99FBBEBF-5621-42D1-82F8-F5CFD925F04A" linkType="ltPageLink" isApplyIncludePage="False" title="About+Me">
          <area shape="0" alt="" ID="{0A828A4C-8E6F-4431-83E8-4AC19333A0C6}" coords="(0,0,24,24)"/>
        </link>
      </links>
      <icon>
        <ID/>
        <iconFontName>jdIonicons</iconFontName>
        <iconCode>62168</iconCode>
      </icon>
      <URL>A4BBA5CCC7880CC1D7108AAE4A99AB6E.svg</URL>
    </control>
    <control controlID="A64A9822-CFA7-4C91-A1E3-33BBF8ADDF61" controlTypeID="Icon" x="167" y="596" w="24" h="24" zOrder="5">
      <links eventType="AtClick" animate="AmNone" animateAutoDelay="0" animateDuration="500">
        <link targetPageID="7110ACB6-31F4-42A7-AB9F-33644F29A409" linkType="ltPageLink" isApplyIncludePage="False" title="Post">
          <area shape="0" alt="" ID="{36F3ECB6-CE7C-4133-A6BF-6387CDCE4A06}" coords="(0,0,24,24)"/>
        </link>
      </links>
      <icon>
        <ID/>
        <iconFontName>jdIonicons</iconFontName>
        <iconCode>62151</iconCode>
      </icon>
      <URL>D08755C22A9B40B6BF65036DEC8B44B4.svg</URL>
    </control>
    <control controlID="5518CA62-73A5-40B7-92C3-914249D8A6E6" controlTypeID="HRule" x="-1" y="584" w="361" h="12" zOrder="6">
      <color>4293190884</color>
      <opacity>0.800000011920929</opacity>
      <thickness>1</thickness>
    </control>
    <control controlID="4DF53D17-B4B5-4ADE-BAF4-18B8B8E2A3FA" controlTypeID="HRule" x="0" y="59" w="360" h="12" zOrder="7">
      <color>4293190884</color>
      <opacity>0.800000011920929</opacity>
      <thickness>1</thickness>
    </control>
    <control controlID="451C46F7-99EB-4F1F-86C8-8A7D024B22E5" controlTypeID="Search" x="20" y="20" w="243" h="40" zOrder="8">
      <borderColor>4278242559</borderColor>
      <links eventType="AtClick" animate="AmNone" animateAutoDelay="0" animateDuration="500">
        <link targetPageID="822BE20E-9CC2-46AD-A1D6-6CA9050D3C28" linkType="ltPageLink" isApplyIncludePage="False" title="Search_keyboard">
          <area shape="0" alt="" ID="{6E8440E5-4B69-4AFE-85C2-C6EEF727E38B}" coords="(0,0,243,40)"/>
        </link>
      </links>
      <font family="%E5%BE%AE%E8%BD%AF%E9%9B%85%E9%BB%91" displayName="%E5%BE%AE%E8%BD%AF%E9%9B%85%E9%BB%91" postScript="" weightStyle="Regular" weight="400" isBold="False" isItalic="False"/>
      <textSize>14</textSize>
      <textVAlign>VaTop</textVAlign>
      <lineSpacing>0</lineSpacing>
      <selectedIndex>-1</selectedIndex>
      <radius>12</radius>
    </control>
    <control controlID="24E4D7ED-4849-497A-9692-0838EB51026A" controlTypeID="Button" x="273" y="20" w="61" h="40" zOrder="9">
      <color>4284927231</color>
      <borderVisible>False</borderVisible>
      <font family="%E5%BE%AE%E8%BD%AF%E9%9B%85%E9%BB%91" displayName="%E5%BE%AE%E8%BD%AF%E9%9B%85%E9%BB%91" postScript="" weightStyle="Regular" weight="400" isBold="False" isItalic="False"/>
      <textColor>4294967295</textColor>
      <lineSpacing>0</lineSpacing>
      <selectedIndex>-1</selectedIndex>
      <radius>2</radius>
    </control>
    <control controlID="38F96770-C994-4A4C-99F0-3A9481DC2381" controlTypeID="Icon" x="291" y="26" w="28" h="28" zOrder="10">
      <color>4294967295</color>
      <icon>
        <ID/>
        <iconFontName>jdIonicons</iconFontName>
        <iconCode>62395</iconCode>
      </icon>
      <URL>2DC4046875679DEA4111B47AE9385427.svg</URL>
    </control>
    <control controlID="05344D08-110A-4D8C-9FB5-7A67EA81D216" controlTypeID="HRule" x="0" y="121" w="360" h="12" zOrder="11">
      <color>4293190884</color>
      <opacity>0.800000011920929</opacity>
      <thickness>1</thickness>
    </control>
    <control controlID="055E8E03-0861-4566-B6FE-82729E77151B" controlTypeID="Image" x="21" y="76" w="50" h="50" zOrder="12">
      <URL>CD616F9260210EA68075D5A705AADBEE.png</URL>
    </control>
    <control controlID="69E841AB-67D1-404E-BFAC-9FB8C55C1713" controlTypeID="Label" x="80" y="74" w="103" h="24" zOrder="13">
      <color>6710886</color>
      <font family="%E7%AD%89%E7%BA%BF+Light" displayName="%E7%AD%89%E7%BA%BF+Light" postScript="" weightStyle="Regular" weight="300" isBold="False" isItalic="False" useDefaultFontFamily="False"/>
      <text>pierce_WANG</text>
      <textColor>4284900966</textColor>
      <textSize>18</textSize>
      <lineSpacing>0</lineSpacing>
      <useDefaultTextSize>False</useDefaultTextSize>
      <selectedIndex>-1</selectedIndex>
    </control>
    <control controlID="6282C42A-7D8D-4695-A23D-7FEFB8278EE0" controlTypeID="Button" x="80" y="102" w="91" h="17" zOrder="14">
      <color>4284927231</color>
      <borderVisible>False</borderVisible>
      <font family="%E5%BE%AE%E8%BD%AF%E9%9B%85%E9%BB%91" displayName="%E5%BE%AE%E8%BD%AF%E9%9B%85%E9%BB%91" postScript="" weightStyle="Regular" weight="400" isBold="False" isItalic="False"/>
      <text>3%2C999+Followers</text>
      <textColor>4294967295</textColor>
      <textSize>10</textSize>
      <lineSpacing>0</lineSpacing>
      <useDefaultTextSize>False</useDefaultTextSize>
      <selectedIndex>-1</selectedIndex>
      <radius>2</radius>
    </control>
    <control controlID="C5960775-C9A8-456C-91A4-C37EAC48B366" controlTypeID="Button" x="245" y="84" w="90" h="35" zOrder="15">
      <borderColor>4284927231</borderColor>
      <interactiveData>
        <entry title="">
          <area shape="0" alt="" ID="{7AFE4C86-B330-42C8-9DDF-BD07F22ACF1E}" coords="(0,0,90,35)"/>
          <events title="">
            <event eventType="atClick" isChecked="True">
              <behaviour title="" isChecked="True" isWait="False" isLoop="False" execMode="emParallel">
                <target targetID="B4FB6D65-23BB-48B4-AABC-024246EC31AB" isChecked="True" isAutoRecovery="False" isLoop="False" execMode="emSequence">
                  <command name="Popup State Change" isChecked="True" descrition="">
                    <param name="AniInterpolation" value="0" varType="3" description=""/>
                    <param name="AniDuration" value="200" varType="3" description=""/>
                    <param name="AniAutoReverse" value="False" varType="11" description=""/>
                    <param name="AniLoop" value="False" varType="11" description=""/>
                    <param name="AniInterpolationTypeOut" value="False" varType="11" description=""/>
                    <param name="Delay" value="0" varType="3" description=""/>
                    <param name="Value" value="2" varType="3" description=""/>
                    <param name="AniType" value="0" varType="3" description=""/>
                  </command>
                </target>
              </behaviour>
            </event>
          </events>
        </entry>
      </interactiveData>
      <font family="%E5%BE%AE%E8%BD%AF%E9%9B%85%E9%BB%91" displayName="%E5%BE%AE%E8%BD%AF%E9%9B%85%E9%BB%91" postScript="" weightStyle="Regular" weight="400" isBold="False" isItalic="False"/>
      <text>%2B+Follow</text>
      <textColor>4284927231</textColor>
      <lineSpacing>0</lineSpacing>
      <selectedIndex>-1</selectedIndex>
      <radius>4</radius>
    </control>
    <control controlID="ECF4010F-BDC3-404A-806B-3E6D4BAB29DE" controlTypeID="Image" x="21" y="131" w="50" h="50" zOrder="16">
      <URL>3A09DFA083517FC02D21EECAF673412D.png</URL>
    </control>
    <control controlID="F44F0242-7442-42F6-8754-389867F756F6" controlTypeID="Label" x="80" y="129" w="71" h="24" zOrder="17">
      <color>6710886</color>
      <font family="%E7%AD%89%E7%BA%BF+Light" displayName="%E7%AD%89%E7%BA%BF+Light" postScript="" weightStyle="Regular" weight="300" isBold="False" isItalic="False" useDefaultFontFamily="False"/>
      <text>pierce_YE</text>
      <textColor>4284900966</textColor>
      <textSize>18</textSize>
      <lineSpacing>0</lineSpacing>
      <useDefaultTextSize>False</useDefaultTextSize>
      <selectedIndex>-1</selectedIndex>
    </control>
    <control controlID="664F708B-385E-44D6-9E33-50EB996C394A" controlTypeID="Button" x="80" y="159" w="71" h="17" zOrder="18">
      <color>4284927231</color>
      <borderVisible>False</borderVisible>
      <font family="%E5%BE%AE%E8%BD%AF%E9%9B%85%E9%BB%91" displayName="%E5%BE%AE%E8%BD%AF%E9%9B%85%E9%BB%91" postScript="" weightStyle="Regular" weight="400" isBold="False" isItalic="False"/>
      <text>12+Followers</text>
      <textColor>4294967295</textColor>
      <textSize>10</textSize>
      <lineSpacing>0</lineSpacing>
      <useDefaultTextSize>False</useDefaultTextSize>
      <selectedIndex>-1</selectedIndex>
      <radius>2</radius>
    </control>
    <control controlID="21B2515A-7784-45C3-9CAE-C7F83353F13F" controlTypeID="Button" x="245" y="141" w="90" h="35" zOrder="19">
      <color>4284927231</color>
      <borderColor>4284927231</borderColor>
      <interactiveData>
        <entry title="">
          <area shape="0" alt="" ID="{8BE80435-A73C-46CE-998A-4F1C8F879D4F}" coords="(0,0,90,35)"/>
          <events title="">
            <event eventType="atClick" isChecked="True">
              <behaviour title="" isChecked="True" isWait="False" isLoop="False" execMode="emParallel">
                <target targetID="99857A12-92AA-49ED-9F11-31291B1BB1F4" isChecked="True" isAutoRecovery="False" isLoop="False" execMode="emSequence">
                  <command name="Popup State Change" isChecked="True" descrition="">
                    <param name="AniInterpolation" value="0" varType="3" description=""/>
                    <param name="AniDuration" value="200" varType="3" description=""/>
                    <param name="AniAutoReverse" value="False" varType="11" description=""/>
                    <param name="AniLoop" value="False" varType="11" description=""/>
                    <param name="AniInterpolationTypeOut" value="False" varType="11" description=""/>
                    <param name="Delay" value="0" varType="3" description=""/>
                    <param name="Value" value="2" varType="3" description=""/>
                    <param name="AniType" value="0" varType="3" description=""/>
                  </command>
                </target>
              </behaviour>
            </event>
          </events>
        </entry>
      </interactiveData>
      <font family="%E5%BE%AE%E8%BD%AF%E9%9B%85%E9%BB%91" displayName="%E5%BE%AE%E8%BD%AF%E9%9B%85%E9%BB%91" postScript="" weightStyle="Regular" weight="400" isBold="False" isItalic="False"/>
      <text>Unfollow</text>
      <textColor>4294967295</textColor>
      <lineSpacing>0</lineSpacing>
      <selectedIndex>-1</selectedIndex>
      <radius>4</radius>
    </control>
    <control controlID="B1AE8961-9DB3-41ED-882E-2F65F295552A" controlTypeID="HRule" x="5" y="180" w="360" h="12" zOrder="20">
      <color>4293190884</color>
      <opacity>0.800000011920929</opacity>
      <thickness>1</thickness>
    </control>
    <control controlID="B4FB6D65-23BB-48B4-AABC-024246EC31AB" controlTypeID="AlertWindow" x="404" y="73" w="46" h="46" zOrder="21">
      <caption>Follow+Popup</caption>
      <groupChildrenDescriptors>
        <control controlID="3C0BFAC4-B3D5-455B-8512-254A754FE02B" controlTypeID="Panel" x="0" y="0" w="360" h="640" zOrder="0">
          <locked>True</locked>
          <color>1879048192</color>
          <borderVisible>False</borderVisible>
          <canMove>False</canMove>
          <alias>background</alias>
          <groupChildrenDescriptors>
            <control controlID="5318073F-A5E9-4EB9-81BF-D2BF9B4A7DD9" controlTypeID="Border" x="0" y="0" w="360" h="640" zOrder="0">
              <borderVisible>False</borderVisible>
              <alias>borderLayer</alias>
            </control>
          </groupChildrenDescriptors>
          <thinkness>1</thinkness>
        </control>
        <control controlID="9A0F8A16-1ACB-4F44-8DF1-153F676C5F8F" controlTypeID="PopupPanelContent" x="50" y="189" w="260" h="156" zOrder="1">
          <color>16777215</color>
          <alias>content</alias>
          <groupChildrenDescriptors>
            <control controlID="92946AAF-C2C7-460F-B08F-F94D7D3C4073" controlTypeID="Alert" x="0" y="0" w="260" h="156" zOrder="0">
              <alias>alert</alias>
              <interactiveData>
                <entry title="No">
                  <area shape="0" alt="" ID="{3DC0868B-B163-499E-A5CA-36AA207D294B}" coords="(4.5,120.5,125.5,151.5)"/>
                  <events title="">
                    <event eventType="atClick" isChecked="True">
                      <behaviour title="" isChecked="True" isWait="False" isLoop="False" execMode="emParallel">
                        <target targetID="B4FB6D65-23BB-48B4-AABC-024246EC31AB" isChecked="True" isAutoRecovery="False" isLoop="False" execMode="emSequence">
                          <command name="Popup State Change" isChecked="True" descrition="">
                            <param name="AniInterpolation" value="0" varType="3" description=""/>
                            <param name="AniDuration" value="200" varType="3" description=""/>
                            <param name="AniAutoReverse" value="False" varType="11" description=""/>
                            <param name="AniLoop" value="False" varType="11" description=""/>
                            <param name="AniInterpolationTypeOut" value="False" varType="11" description=""/>
                            <param name="Delay" value="0" varType="3" description=""/>
                            <param name="Value" value="2" varType="3" description=""/>
                            <param name="AniType" value="0" varType="3" description=""/>
                          </command>
                        </target>
                      </behaviour>
                    </event>
                  </events>
                </entry>
                <entry title="Send+Request">
                  <area shape="0" alt="" ID="{DB056BF5-11BD-4C62-A844-76908E73BD6F}" coords="(134.5,120.5,255.5,151.5)"/>
                  <events title="">
                    <event eventType="atClick" isChecked="True">
                      <behaviour title="" isChecked="True" isWait="False" isLoop="False" execMode="emParallel">
                        <target targetID="B4FB6D65-23BB-48B4-AABC-024246EC31AB" isChecked="True" isAutoRecovery="False" isLoop="False" execMode="emSequence">
                          <command name="Popup State Change" isChecked="True" descrition="">
                            <param name="AniInterpolation" value="0" varType="3" description=""/>
                            <param name="AniDuration" value="200" varType="3" description=""/>
                            <param name="AniAutoReverse" value="False" varType="11" description=""/>
                            <param name="AniLoop" value="False" varType="11" description=""/>
                            <param name="AniInterpolationTypeOut" value="False" varType="11" description=""/>
                            <param name="Delay" value="0" varType="3" description=""/>
                            <param name="Value" value="2" varType="3" description=""/>
                            <param name="AniType" value="0" varType="3" description=""/>
                          </command>
                        </target>
                      </behaviour>
                    </event>
                  </events>
                </entry>
              </interactiveData>
              <font family="%E5%BE%AE%E8%BD%AF%E9%9B%85%E9%BB%91" displayName="%E5%BE%AE%E8%BD%AF%E9%9B%85%E9%BB%91" postScript="" weightStyle="Regular" weight="400" isBold="False" isItalic="False"/>
              <text>Do+you+want+to+FOLLOW%0D%0Apierce_WANG%3F%0D%0ANo%2CSend+Request</text>
              <textSize>14</textSize>
              <lineSpacing>0</lineSpacing>
            </control>
          </groupChildrenDescriptors>
        </control>
      </groupChildrenDescriptors>
    </control>
    <control controlID="99857A12-92AA-49ED-9F11-31291B1BB1F4" controlTypeID="AlertWindow" x="404" y="141" w="46" h="46" zOrder="22">
      <caption>Unfollow+Popup</caption>
      <groupChildrenDescriptors>
        <control controlID="4448884C-6262-4B56-BE34-36E3BC2C9A23" controlTypeID="Panel" x="0" y="0" w="360" h="640" zOrder="0">
          <locked>True</locked>
          <color>1879048192</color>
          <borderVisible>False</borderVisible>
          <canMove>False</canMove>
          <alias>background</alias>
          <groupChildrenDescriptors>
            <control controlID="E87AD37E-2F71-4938-AFCD-ED2A12A25744" controlTypeID="Border" x="0" y="0" w="360" h="640" zOrder="0">
              <borderVisible>False</borderVisible>
              <alias>borderLayer</alias>
            </control>
          </groupChildrenDescriptors>
          <thinkness>1</thinkness>
        </control>
        <control controlID="5CCB0139-6A74-4D0A-97D2-AC0BA1C17B86" controlTypeID="PopupPanelContent" x="50" y="187" w="260" h="156" zOrder="1">
          <color>16777215</color>
          <alias>content</alias>
          <groupChildrenDescriptors>
            <control controlID="DF5E9FE0-47A5-4ACA-9DF1-E2880B0B205C" controlTypeID="Alert" x="0" y="0" w="260" h="156" zOrder="0">
              <alias>alert</alias>
              <links eventType="AtClick" animate="AmNone" animateAutoDelay="0" animateDuration="500">
                <link targetPageID="" linkType="ltPageLink" isApplyIncludePage="False" title="No">
                  <area shape="0" alt="" ID="{0E2DE23D-5307-424F-9CA8-906E9B94A6D6}" coords="(4.5,120.5,125.5,151.5)"/>
                </link>
                <link targetPageID="C4173E57-7BF1-430F-8171-7916237C2F1A" linkType="ltPageLink" isApplyIncludePage="False" title="YES">
                  <area shape="0" alt="" ID="{A128B555-D453-4B82-BC48-ADD1AFA070EA}" coords="(134.5,120.5,255.5,151.5)"/>
                </link>
              </links>
              <interactiveData>
                <entry title="No">
                  <area shape="0" alt="" ID="{9B956831-EFD4-4935-B8DD-154D6D816C4E}" coords="(4.5,120.5,125.5,151.5)"/>
                  <events title="">
                    <event eventType="atClick" isChecked="True">
                      <behaviour title="" isChecked="True" isWait="False" isLoop="False" execMode="emParallel">
                        <target targetID="99857A12-92AA-49ED-9F11-31291B1BB1F4" isChecked="True" isAutoRecovery="False" isLoop="False" execMode="emSequence">
                          <command name="Popup State Change" isChecked="True" descrition="">
                            <param name="AniInterpolation" value="0" varType="3" description=""/>
                            <param name="AniDuration" value="200" varType="3" description=""/>
                            <param name="AniAutoReverse" value="False" varType="11" description=""/>
                            <param name="AniLoop" value="False" varType="11" description=""/>
                            <param name="AniInterpolationTypeOut" value="False" varType="11" description=""/>
                            <param name="Delay" value="0" varType="3" description=""/>
                            <param name="Value" value="2" varType="3" description=""/>
                            <param name="AniType" value="0" varType="3" description=""/>
                          </command>
                        </target>
                      </behaviour>
                    </event>
                  </events>
                </entry>
                <entry title="YES">
                  <area shape="0" alt="" ID="{C434A627-A7B6-4E6C-9207-BC172E0B6605}" coords="(134.5,120.5,255.5,151.5)"/>
                  <events title=""/>
                </entry>
              </interactiveData>
              <font family="%E5%BE%AE%E8%BD%AF%E9%9B%85%E9%BB%91" displayName="%E5%BE%AE%E8%BD%AF%E9%9B%85%E9%BB%91" postScript="" weightStyle="Regular" weight="400" isBold="False" isItalic="False"/>
              <text>Do+you+want+to+UNFOLLOW%0D%0Apierce_YE%3F%0D%0ANo%2CYES</text>
              <textSize>14</textSize>
              <lineSpacing>0</lineSpacing>
            </control>
          </groupChildrenDescriptors>
        </control>
      </groupChildrenDescriptors>
    </control>
  </controls>
  <param>
    <backgroundColor>4294967295</backgroundColor>
    <fontSize>0</fontSize>
    <fontFamily/>
    <guideLines/>
  </param>
</mockup>