﻿<mockup version="5.3" minAllowVersion="5.3" ID="1468A4DD-1D8F-4371-8007-65626B131C9C" platform="MtMobile" defaultW="360" defaultH="640" measureW="360" measureH="640" screenOrientation="MoPortrait" mobileScreenScale="1.77777779102325">
  <controls controlCount="24">
    <control controlID="B379B675-4663-4979-B947-6F50D90DFABF" controlTypeID="Image" x="24" y="155" w="45" h="45" zOrder="0">
      <URL>3F77B22234EDDB48994560DDABECE656.png</URL>
    </control>
    <control controlID="31D2BE35-771C-403A-A7B8-9F1231DB2EC0" controlTypeID="CompositeComboBox" x="78" y="155" w="256" h="45" zOrder="1">
      <borderColor>4294953984</borderColor>
      <groupChildrenDescriptors>
        <control controlID="320DA06D-5DA5-4D05-8550-7D2BF4EC983E" controlTypeID="TextInput" x="0" y="0" w="233" h="45" zOrder="0">
          <locked>True</locked>
          <borderColor>4294953984</borderColor>
          <canMove>False</canMove>
          <alias>input</alias>
          <font family="%E7%AD%89%E7%BA%BF+Light" displayName="%E7%AD%89%E7%BA%BF+Light" postScript="" weightStyle="Regular" weight="300" isBold="False" isItalic="False" useDefaultFontFamily="False"/>
          <text>Happy</text>
          <textColor>4294953984</textColor>
          <textSize>18</textSize>
          <lineSpacing>0</lineSpacing>
          <selectedIndex>-1</selectedIndex>
        </control>
        <control controlID="F3644F2B-483F-45CD-971C-AFF664A288E7" controlTypeID="Button" x="232" y="0" w="24" h="45" zOrder="1">
          <locked>True</locked>
          <borderColor>4294953984</borderColor>
          <canMove>False</canMove>
          <alias>button</alias>
          <font family="Segoe+UI" displayName="Segoe+UI" postScript="" weightStyle="Regular" weight="400" isBold="False" isItalic="False"/>
          <lineSpacing>0</lineSpacing>
          <selectedIndex>-1</selectedIndex>
          <radius>0</radius>
        </control>
        <control controlID="54A8D875-344C-4F1A-8C18-3611776E4D33" controlTypeID="List" x="0" y="45" w="256" h="92" zOrder="2">
          <isShow>False</isShow>
          <borderColor>4294953984</borderColor>
          <canMove>False</canMove>
          <alias>dropDown</alias>
          <links eventType="AtClick" animate="AmNone" animateAutoDelay="0" animateDuration="500">
            <link targetPageID="" linkType="ltPageLink" isApplyIncludePage="False" title="Happy">
              <area shape="0" alt="" ID="{0163DE59-FC3C-4CA9-97C3-D7D3E2002701}" coords="(1,1,255,46)"/>
            </link>
            <link targetPageID="E166939B-9366-4FCD-90CF-FEB1F38702B2" linkType="ltPageLink" isApplyIncludePage="False" title="Angry">
              <area shape="0" alt="" ID="{5689418F-49D2-4391-BFAF-25342B12F74B}" coords="(1,46,255,91)"/>
            </link>
          </links>
          <font family="%E7%AD%89%E7%BA%BF+Light" displayName="%E7%AD%89%E7%BA%BF+Light" postScript="" weightStyle="Regular" weight="300" isBold="False" isItalic="False" useDefaultFontFamily="False"/>
          <text>Happy%0D%0AAngry%0D%0A</text>
          <textSize>18</textSize>
          <lineSpacing>0</lineSpacing>
          <itemHeight>45</itemHeight>
          <interlaceColor>4294967295</interlaceColor>
        </control>
      </groupChildrenDescriptors>
      <baseHeight>45</baseHeight>
      <font family="%E7%AD%89%E7%BA%BF+Light"/>
      <textColor>4294953984</textColor>
      <textSize>18</textSize>
    </control>
    <control controlID="2BAC02FB-F79F-4F04-A012-40F2195E3F9D" controlTypeID="HRule" x="0" y="59" w="360" h="12" zOrder="2">
      <color>4293190884</color>
      <opacity>0.800000011920929</opacity>
      <thickness>1</thickness>
    </control>
    <control controlID="676239E7-4B0D-412D-A16A-3222E31A56A0" controlTypeID="Icon" x="23" y="265" w="45" h="45" zOrder="3">
      <color>4284927231</color>
      <icon>
        <ID/>
        <iconFontName>jdIonicons</iconFontName>
        <iconCode>62353</iconCode>
      </icon>
      <URL>273F820FD8252835AA1E7927378AF485.svg</URL>
    </control>
    <control controlID="4AE45FA0-AD8E-47A0-A849-3BD082CA892C" controlTypeID="TextInput" x="78" y="265" w="256" h="45" zOrder="4">
      <borderColor>4284927231</borderColor>
      <font family="Segoe+UI" displayName="Segoe+UI" postScript="" weightStyle="Regular" weight="400" isBold="False" isItalic="False" useDefaultFontFamily="False"/>
      <textColor>4284927231</textColor>
      <textSize>18</textSize>
      <textAlign>HaCenter</textAlign>
      <lineSpacing>0</lineSpacing>
      <useDefaultTextSize>False</useDefaultTextSize>
      <selectedIndex>-1</selectedIndex>
      <placeHolder>Comments%3F</placeHolder>
    </control>
    <control controlID="0E4A3657-1DD8-4935-A4DD-3CEE768E2283" controlTypeID="Image" x="23" y="210" w="45" h="45" zOrder="5">
      <URL>C3F54CC0DAA83EB09A3BC8D826191F5F.png</URL>
    </control>
    <control controlID="4B3C8814-1735-4156-8007-5464A6D1A98C" controlTypeID="Icon" x="23" y="320" w="45" h="45" zOrder="6">
      <color>4284927231</color>
      <icon>
        <ID/>
        <iconFontName>jdIonicons</iconFontName>
        <iconCode>62348</iconCode>
      </icon>
      <URL>C9A19AEA8333861081ABFD164D361FEF.svg</URL>
    </control>
    <control controlID="60E9A6AD-9352-4EC5-80CA-760254FAF69F" controlTypeID="CompositeComboBox" x="78" y="211" w="256" h="45" zOrder="7">
      <borderColor>4284927231</borderColor>
      <groupChildrenDescriptors>
        <control controlID="548E2418-887D-4601-820E-2450E14D79AD" controlTypeID="TextInput" x="0" y="0" w="233" h="45" zOrder="0">
          <locked>True</locked>
          <borderColor>4284927231</borderColor>
          <canMove>False</canMove>
          <alias>input</alias>
          <font family="%E7%AD%89%E7%BA%BF+Light" displayName="%E7%AD%89%E7%BA%BF+Light" postScript="" weightStyle="Regular" weight="300" isBold="False" isItalic="False" useDefaultFontFamily="False"/>
          <text>With+one+other+person</text>
          <textColor>4284927231</textColor>
          <textSize>18</textSize>
          <lineSpacing>0</lineSpacing>
          <selectedIndex>-1</selectedIndex>
        </control>
        <control controlID="7D6CE9B9-FA92-424A-9A9F-455339DB16AF" controlTypeID="Button" x="232" y="0" w="24" h="45" zOrder="1">
          <locked>True</locked>
          <borderColor>4284927231</borderColor>
          <canMove>False</canMove>
          <alias>button</alias>
          <font family="Segoe+UI" displayName="Segoe+UI" postScript="" weightStyle="Regular" weight="400" isBold="False" isItalic="False"/>
          <lineSpacing>0</lineSpacing>
          <selectedIndex>-1</selectedIndex>
          <radius>0</radius>
        </control>
        <control controlID="AF31D6DF-60BC-43FD-9A7E-27F25D39DEF9" controlTypeID="List" x="0" y="45" w="256" h="182" zOrder="2">
          <isShow>False</isShow>
          <borderColor>4284927231</borderColor>
          <canMove>False</canMove>
          <alias>dropDown</alias>
          <font family="%E7%AD%89%E7%BA%BF+Light" displayName="%E7%AD%89%E7%BA%BF+Light" postScript="" weightStyle="Regular" weight="300" isBold="False" isItalic="False" useDefaultFontFamily="False"/>
          <text>With+one+other+person%0D%0AAlone%0D%0AWith+a+small+group%0D%0AWIth+a+crowd%0D%0A</text>
          <textSize>18</textSize>
          <lineSpacing>0</lineSpacing>
          <itemHeight>45</itemHeight>
          <interlaceColor>4294967295</interlaceColor>
        </control>
      </groupChildrenDescriptors>
      <baseHeight>45</baseHeight>
      <font family="%E7%AD%89%E7%BA%BF+Light"/>
      <textColor>4284927231</textColor>
      <textSize>18</textSize>
    </control>
    <control controlID="4C1668AE-6A6E-4891-99DA-CFBE4BC5DA8D" controlTypeID="Switch" x="256" y="322" w="78" h="35" zOrder="8">
      <color>4292730333</color>
      <borderColor>4284927231</borderColor>
      <borderVisible>False</borderVisible>
      <onColor>4284927231</onColor>
    </control>
    <control controlID="E998AE56-4122-4C39-939B-1A2B89DC7ECE" controlTypeID="Label" x="84" y="328" w="138" h="24" zOrder="9">
      <font family="Segoe+UI" displayName="Segoe+UI" postScript="" weightStyle="Regular" weight="400" isBold="False" isItalic="False" useDefaultFontFamily="False"/>
      <text>Include+Location%3F</text>
      <textColor>4284927231</textColor>
      <textSize>18</textSize>
      <lineSpacing>0</lineSpacing>
      <useDefaultTextSize>False</useDefaultTextSize>
      <selectedIndex>-1</selectedIndex>
    </control>
    <control controlID="B0135BC9-FFA8-4F8A-AD8F-0F1FB3F64EB5" controlTypeID="Image" x="23" y="375" w="45" h="45" zOrder="10">
      <URL>C93E5DB575CF3B81893ADD27F2CFFCC4.png</URL>
    </control>
    <control controlID="FF7A669B-0267-460D-B7B3-BB502D28C0EB" controlTypeID="Label" x="84" y="385" w="118" h="24" zOrder="11">
      <font family="Segoe+UI" displayName="Segoe+UI" postScript="" weightStyle="Regular" weight="400" isBold="False" isItalic="False" useDefaultFontFamily="False"/>
      <text>Add+an+image%3F</text>
      <textColor>4284927231</textColor>
      <textSize>18</textSize>
      <lineSpacing>0</lineSpacing>
      <useDefaultTextSize>False</useDefaultTextSize>
      <selectedIndex>-1</selectedIndex>
    </control>
    <control controlID="89B72AC5-0322-463E-BA71-E8592F41FCB4" controlTypeID="Button" x="256" y="375" w="78" h="35" zOrder="12">
      <color>4284927231</color>
      <borderColor>4278242559</borderColor>
      <font family="Segoe+UI" displayName="Segoe+UI" postScript="" weightStyle="Regular" weight="400" isBold="False" isItalic="False"/>
      <text>%2B+Image</text>
      <textColor>4294967295</textColor>
      <lineSpacing>0</lineSpacing>
      <selectedIndex>-1</selectedIndex>
      <radius>2</radius>
    </control>
    <control controlID="4554535A-BFA7-4A12-9328-32DD3E879585" controlTypeID="Icon" x="23" y="100" w="45" h="45" zOrder="13">
      <color>4284927231</color>
      <icon>
        <ID/>
        <iconFontName>jdIonicons</iconFontName>
        <iconCode>62298</iconCode>
      </icon>
      <URL>3D5E90344E23C923EF92911B802563ED.svg</URL>
    </control>
    <control controlID="4BE742F1-5666-4F3D-80F8-388162BB6644" controlTypeID="TextInput" x="78" y="100" w="256" h="45" zOrder="14">
      <borderColor>4284927231</borderColor>
      <font family="Segoe+UI" displayName="Segoe+UI" postScript="" weightStyle="Regular" weight="400" isBold="False" isItalic="False" useDefaultFontFamily="False"/>
      <text>2019-10-16+09%3A56%3A59</text>
      <textColor>4284927231</textColor>
      <textSize>18</textSize>
      <textAlign>HaCenter</textAlign>
      <lineSpacing>0</lineSpacing>
      <useDefaultTextSize>False</useDefaultTextSize>
      <selectedIndex>-1</selectedIndex>
      <canInput>False</canInput>
    </control>
    <control controlID="B5BF3C65-66ED-4F76-B2F6-3363FA0A8122" controlTypeID="Gif" x="90" y="420" w="179" h="133" zOrder="15">
      <URL>53B5D04159697ED2309FEFE29A4D06A0.gif</URL>
    </control>
    <control controlID="027C7A8A-E323-40E3-856E-426EA2F7D358" controlTypeID="Icon" x="294" y="14" w="40" h="40" zOrder="16">
      <color>4284927231</color>
      <links eventType="AtClick" animate="AmNone" animateAutoDelay="0" animateDuration="500">
        <link targetPageID="99FBBEBF-5621-42D1-82F8-F5CFD925F04A" linkType="ltPageLink" isApplyIncludePage="False" title="About_Me">
          <area shape="0" alt="" ID="{C640E079-CF02-4F21-B3D2-8F64886105FB}" coords="(0,0,40,40)"/>
        </link>
      </links>
      <icon>
        <ID/>
        <iconFontName>jdIonicons</iconFontName>
        <iconCode>62323</iconCode>
      </icon>
      <URL>784D3084F9C2AFEEB7C71AAC6A2AAEE8.svg</URL>
    </control>
    <control controlID="6B63D871-1126-47EB-9843-9B8F3AF2ADAD" controlTypeID="Icon" x="26" y="14" w="40" h="40" zOrder="17">
      <color>4284927231</color>
      <links eventType="AtClick" animate="AmNone" animateAutoDelay="0" animateDuration="500">
        <link targetPageID="99FBBEBF-5621-42D1-82F8-F5CFD925F04A" linkType="ltPageLink" isApplyIncludePage="False" title="About_Me">
          <area shape="0" alt="" ID="{368DF791-5BA7-4E13-8D35-B317DA6D4B97}" coords="(0,0,40,40)"/>
        </link>
      </links>
      <icon>
        <ID/>
        <iconFontName>jdIonicons</iconFontName>
        <iconCode>62154</iconCode>
      </icon>
      <URL>D95E480717200F895E41DB6E5B869596.svg</URL>
    </control>
  </controls>
  <param>
    <backgroundColor>4294967295</backgroundColor>
    <fontSize>0</fontSize>
    <fontFamily/>
    <guideLines/>
  </param>
</mockup>