﻿<mockup version="5.3" minAllowVersion="5.3" ID="1C7A34DF-AB2B-4389-9757-E8F32C1D7FE2" platform="MtMobile" defaultW="360" defaultH="640" measureW="360" measureH="640" screenOrientation="MoPortrait" mobileScreenScale="1.77777779102325" clipArea="(0,0,0,0)">
  <controls controlCount="26">
    <control controlID="DFF0A7C1-9BFC-458F-99A2-EC0C63984F8F" controlTypeID="Tabs" x="0" y="620" w="360" h="20" zOrder="0">
      <font family="Segoe+UI" displayName="Segoe+UI" postScript="" weightStyle="Regular" weight="400" isBold="False" isItalic="False" useDefaultFontFamily="False"/>
      <text>Home%2CSearch%2CPost%2CNotification%2CMe</text>
      <textColor>4284900966</textColor>
      <textSize>14</textSize>
      <lineSpacing>0</lineSpacing>
      <selectedIndex>4</selectedIndex>
      <dividerColor>4293190884</dividerColor>
      <selectedTextColor>4278242559</selectedTextColor>
    </control>
    <control controlID="857E05E5-FF86-4016-8225-7D9CBF9D4C80" controlTypeID="Icon" x="95" y="596" w="24" h="24" zOrder="1">
      <links eventType="AtClick" animate="AmNone" animateAutoDelay="0" animateDuration="500">
        <link targetPageID="3DA3CBBA-396A-4985-8A4A-FF31BB10ABBA" linkType="ltPageLink" isApplyIncludePage="False" title="Search">
          <area shape="0" alt="" ID="{31A3E655-365B-4A87-90FC-1BF517A56BF6}" coords="(0,0,24,24)"/>
        </link>
      </links>
      <icon>
        <ID/>
        <iconFontName>jdIcoFont</iconFontName>
        <iconCode>59217</iconCode>
      </icon>
      <URL>5B42555577E2EDEFD5648F7EACF271B1.svg</URL>
    </control>
    <control controlID="BD5BBA36-2FA9-4A2A-BF09-BD3FC3D68946" controlTypeID="Icon" x="239" y="596" w="24" h="24" zOrder="2">
      <links eventType="AtClick" animate="AmNone" animateAutoDelay="0" animateDuration="500">
        <link targetPageID="8948A0DB-0DC4-4561-BBA7-3D6AC8D58F83" linkType="ltPageLink" isApplyIncludePage="False" title="Notification">
          <area shape="0" alt="" ID="{7AC55646-CBC2-458B-9A24-4C37F24AA23D}" coords="(0,0,24,24)"/>
        </link>
      </links>
      <icon>
        <ID/>
        <iconFontName>jdFontAwesome</iconFontName>
        <iconCode>61443</iconCode>
      </icon>
      <URL>B580EFDE757BFEFDFAE97C8770013819.svg</URL>
    </control>
    <control controlID="CC9869D4-E5EB-45EC-AAE7-FD0AA97073F6" controlTypeID="Icon" x="23" y="596" w="24" h="24" zOrder="3">
      <links eventType="AtClick" animate="AmNone" animateAutoDelay="0" animateDuration="500">
        <link targetPageID="38381CBD-5D8A-4BB3-9C76-4F9FDC1E7441" linkType="ltPageLink" isApplyIncludePage="False" title="Home">
          <area shape="0" alt="" ID="{FE53D499-6E67-46EE-9053-AAB657F35B67}" coords="(0,0,24,24)"/>
        </link>
      </links>
      <icon>
        <ID/>
        <iconFontName>jdIonicons</iconFontName>
        <iconCode>62535</iconCode>
      </icon>
      <URL>CF75DBB601952B6BB4B151C544C1D2C8.svg</URL>
    </control>
    <control controlID="A4F60C22-6AC6-40EF-9994-F49664515A2E" controlTypeID="Icon" x="310" y="596" w="24" h="24" zOrder="4">
      <color>4278242559</color>
      <icon>
        <ID/>
        <iconFontName>jdIonicons</iconFontName>
        <iconCode>62168</iconCode>
      </icon>
      <URL>A4BBA5CCC7880CC1D7108AAE4A99AB6E.svg</URL>
    </control>
    <control controlID="268CA338-32E2-4FC7-B268-D344B26360FE" controlTypeID="Icon" x="167" y="596" w="24" h="24" zOrder="5">
      <links eventType="AtClick" animate="AmNone" animateAutoDelay="0" animateDuration="500">
        <link targetPageID="7110ACB6-31F4-42A7-AB9F-33644F29A409" linkType="ltPageLink" isApplyIncludePage="False" title="Post">
          <area shape="0" alt="" ID="{C9146721-F025-468A-B3D1-E19A861E7179}" coords="(0,0,24,24)"/>
        </link>
      </links>
      <icon>
        <ID/>
        <iconFontName>jdIonicons</iconFontName>
        <iconCode>62151</iconCode>
      </icon>
      <URL>D08755C22A9B40B6BF65036DEC8B44B4.svg</URL>
    </control>
    <control controlID="0407E23C-EE22-4F6E-A3A1-6E020F837EC3" controlTypeID="HRule" x="-1" y="584" w="361" h="12" zOrder="6">
      <color>4293190884</color>
      <opacity>0.800000011920929</opacity>
      <thickness>1</thickness>
    </control>
    <control controlID="34942FC9-60E6-4A61-A5BD-0AEA1B7FDE1E" controlTypeID="HRule" x="0" y="76" w="360" h="12" zOrder="7">
      <color>4293190884</color>
      <opacity>0.800000011920929</opacity>
      <thickness>1</thickness>
    </control>
    <control controlID="0076B6AA-DF69-4B27-B6A8-821B92DE6A40" controlTypeID="Image" x="31" y="9" w="50" h="50" zOrder="8">
      <URL>CD616F9260210EA68075D5A705AADBEE.png</URL>
    </control>
    <control controlID="68E705E3-7C5E-43D2-A9C1-87398A7286BE" controlTypeID="Label" x="23" y="59" w="91" h="22" zOrder="9">
      <color>6710886</color>
      <font family="%E7%AD%89%E7%BA%BF+Light" displayName="%E7%AD%89%E7%BA%BF+Light" postScript="" weightStyle="Regular" weight="300" isBold="False" isItalic="False" useDefaultFontFamily="False"/>
      <text>pierce_WANG</text>
      <textColor>4284900966</textColor>
      <textSize>16</textSize>
      <lineSpacing>0</lineSpacing>
      <useDefaultTextSize>False</useDefaultTextSize>
      <selectedIndex>-1</selectedIndex>
    </control>
    <control controlID="5CA95CC7-C3C5-4847-A270-F839CF653AF9" controlTypeID="Button" x="224" y="30" w="48" h="15" zOrder="10">
      <color>4284927231</color>
      <borderVisible>False</borderVisible>
      <font family="%E7%AD%89%E7%BA%BF+Light" displayName="%E7%AD%89%E7%BA%BF+Light" postScript="" weightStyle="Regular" weight="300" isBold="False" isItalic="False" useDefaultFontFamily="False"/>
      <text>3%2C999</text>
      <textColor>4294967295</textColor>
      <textSize>12</textSize>
      <lineSpacing>0</lineSpacing>
      <useDefaultTextSize>False</useDefaultTextSize>
      <selectedIndex>-1</selectedIndex>
      <radius>2</radius>
    </control>
    <control controlID="7DE92D56-FC2F-4222-BAEC-78494E94F377" controlTypeID="Label" x="133" y="28" w="54" h="19" zOrder="11">
      <font family="%E7%AD%89%E7%BA%BF+Light" displayName="%E7%AD%89%E7%BA%BF+Light" postScript="" weightStyle="Regular" weight="300" isBold="False" isItalic="False" useDefaultFontFamily="False"/>
      <text>Followers</text>
      <textColor>4284900966</textColor>
      <lineSpacing>0</lineSpacing>
      <selectedIndex>-1</selectedIndex>
    </control>
    <control controlID="5511C651-8B6D-443A-9226-6C648E75F3CB" controlTypeID="Label" x="133" y="46" w="47" h="19" zOrder="12">
      <font family="%E7%AD%89%E7%BA%BF+Light" displayName="%E7%AD%89%E7%BA%BF+Light" postScript="" weightStyle="Regular" weight="300" isBold="False" isItalic="False" useDefaultFontFamily="False"/>
      <text>Follwing</text>
      <textColor>4284900966</textColor>
      <lineSpacing>0</lineSpacing>
      <selectedIndex>-1</selectedIndex>
    </control>
    <control controlID="0160CD8D-A449-4B7A-A086-3FB46CD7D996" controlTypeID="Label" x="133" y="9" w="76" h="19" zOrder="13">
      <font family="%E7%AD%89%E7%BA%BF+Light" displayName="%E7%AD%89%E7%BA%BF+Light" postScript="" weightStyle="Regular" weight="300" isBold="False" isItalic="False" useDefaultFontFamily="False"/>
      <text>Mood+Events</text>
      <textColor>4284900966</textColor>
      <lineSpacing>0</lineSpacing>
      <selectedIndex>-1</selectedIndex>
    </control>
    <control controlID="C17D41D1-0CD1-4A4E-9672-D9D0F6F8F706" controlTypeID="Button" x="224" y="50" w="48" h="15" zOrder="14">
      <color>4284927231</color>
      <borderVisible>False</borderVisible>
      <font family="%E7%AD%89%E7%BA%BF+Light" displayName="%E7%AD%89%E7%BA%BF+Light" postScript="" weightStyle="Regular" weight="300" isBold="False" isItalic="False" useDefaultFontFamily="False"/>
      <text>66</text>
      <textColor>4294967295</textColor>
      <textSize>12</textSize>
      <lineSpacing>0</lineSpacing>
      <useDefaultTextSize>False</useDefaultTextSize>
      <selectedIndex>-1</selectedIndex>
      <radius>2</radius>
    </control>
    <control controlID="2773E4B3-5472-4F09-B0D2-162257E685B5" controlTypeID="Button" x="224" y="10" w="48" h="15" zOrder="15">
      <color>4284927231</color>
      <borderVisible>False</borderVisible>
      <font family="%E7%AD%89%E7%BA%BF+Light" displayName="%E7%AD%89%E7%BA%BF+Light" postScript="" weightStyle="Regular" weight="300" isBold="False" isItalic="False" useDefaultFontFamily="False"/>
      <text>2</text>
      <textColor>4294967295</textColor>
      <textSize>12</textSize>
      <lineSpacing>0</lineSpacing>
      <useDefaultTextSize>False</useDefaultTextSize>
      <selectedIndex>-1</selectedIndex>
      <radius>2</radius>
    </control>
    <control controlID="5E6B0197-267E-4846-8717-B2296FC6C28F" controlTypeID="Icon" x="302" y="19" w="40" h="40" zOrder="16">
      <color>4284927231</color>
      <links eventType="AtClick" animate="AmNone" animateAutoDelay="0" animateDuration="500">
        <link targetPageID="D4C0C9B3-1E3E-4E42-8B5F-568420CEB014" linkType="ltPageLink" isApplyIncludePage="False" title="Google+Maps">
          <area shape="0" alt="" ID="{49F45A59-5C97-4EF4-A1B4-3320EC714365}" coords="(0,0,40,40)"/>
        </link>
      </links>
      <icon>
        <ID/>
        <iconFontName>jdIonicons</iconFontName>
        <iconCode>61955</iconCode>
      </icon>
      <URL>CDEBBF7EBDD37DA54AC604792FCAECCA.svg</URL>
    </control>
    <control controlID="8BBDA357-BDD8-40D0-A618-F11BB5A1BAB2" controlTypeID="HRule" x="0" y="153" w="360" h="12" zOrder="17">
      <color>4293190884</color>
      <opacity>0.800000011920929</opacity>
      <thickness>1</thickness>
    </control>
    <control controlID="00CC7A73-3F21-45ED-886A-9D7EF1ABE803" controlTypeID="Image" x="34" y="91" w="45" h="45" zOrder="18">
      <URL>3F77B22234EDDB48994560DDABECE656.png</URL>
    </control>
    <control controlID="7784AEAC-5A30-4EAD-AAC3-896FC6FA2BB9" controlTypeID="Label" x="26" y="136" w="131" h="22" zOrder="19">
      <color>6710886</color>
      <font family="%E7%AD%89%E7%BA%BF+Light" displayName="%E7%AD%89%E7%BA%BF+Light" postScript="" weightStyle="Regular" weight="300" isBold="False" isItalic="False" useDefaultFontFamily="False"/>
      <text>2019-10-16+09%3A56%3A59</text>
      <textColor>4284900966</textColor>
      <textSize>16</textSize>
      <lineSpacing>0</lineSpacing>
      <useDefaultTextSize>False</useDefaultTextSize>
      <selectedIndex>-1</selectedIndex>
    </control>
    <control controlID="BB495462-3A49-4286-B40E-31634C5749B9" controlTypeID="Image" x="93" y="101" w="30" h="30" zOrder="20">
      <URL>C3F54CC0DAA83EB09A3BC8D826191F5F.png</URL>
    </control>
    <control controlID="1A2BDE0B-FAE7-4013-A9B1-50FD2F8895B1" controlTypeID="Icon" x="128" y="101" w="30" h="30" zOrder="21">
      <color>4284927231</color>
      <icon>
        <ID/>
        <iconFontName>jdIonicons</iconFontName>
        <iconCode>62348</iconCode>
      </icon>
      <URL>C9A19AEA8333861081ABFD164D361FEF.svg</URL>
    </control>
    <control controlID="880491BD-C15C-4BFF-82CD-FC6935304226" controlTypeID="Image" x="163" y="101" w="30" h="30" zOrder="22">
      <URL>C93E5DB575CF3B81893ADD27F2CFFCC4.png</URL>
    </control>
    <control controlID="ABE65DDB-A633-4708-88BA-5B4BA4B574D5" controlTypeID="Icon" x="252" y="96" w="40" h="40" zOrder="23">
      <color>4284927231</color>
      <links eventType="AtClick" animate="AmNone" animateAutoDelay="0" animateDuration="500">
        <link targetPageID="1468A4DD-1D8F-4371-8007-65626B131C9C" linkType="ltPageLink" isApplyIncludePage="False" title="Edit">
          <area shape="0" alt="" ID="{2BF329DA-77B9-4891-B5D0-BD4A5EBD9861}" coords="(0,0,40,40)"/>
        </link>
      </links>
      <icon>
        <ID/>
        <iconFontName>jdIonicons</iconFontName>
        <iconCode>62334</iconCode>
      </icon>
      <URL>69A4D1E5CE13432C6A4F579026917C6A.svg</URL>
    </control>
    <control controlID="4A81A0D0-BFEF-4D4B-849C-BE4D59915900" controlTypeID="Image" x="302" y="96" w="40" h="40" zOrder="24">
      <radius>12</radius>
      <URL>BE7009F047A9E69EC5A82A7D8122A8F5.png</URL>
    </control>
    <control controlID="4F9B222D-57EB-4CF1-B3C8-0B3BBC4CAD7A" controlTypeID="Button" x="202" y="96" w="35" h="48" zOrder="25">
      <borderColor>4293190884</borderColor>
      <opacity>0.5</opacity>
      <links eventType="AtClick" animate="AmNone" animateAutoDelay="0" animateDuration="500">
        <link targetPageID="68FB9C23-FD13-460B-A7DE-9DE460B749BE" linkType="ltPageLink" isApplyIncludePage="False" title="My_Mood_Detail">
          <area shape="0" alt="" ID="{1B3BC9D3-6B21-4A97-9ABB-A6622C04FD48}" coords="(0,0,35,48)"/>
        </link>
      </links>
      <font family="%E5%BE%AE%E8%BD%AF%E9%9B%85%E9%BB%91" displayName="%E5%BE%AE%E8%BD%AF%E9%9B%85%E9%BB%91" postScript="" weightStyle="Regular" weight="400" isBold="False" isItalic="False"/>
      <lineSpacing>0</lineSpacing>
      <selectedIndex>-1</selectedIndex>
    </control>
  </controls>
  <param>
    <backgroundColor>4294967295</backgroundColor>
    <fontSize>0</fontSize>
    <fontFamily/>
    <guideLines/>
  </param>
</mockup>