﻿<mockup version="5.3" minAllowVersion="5.3" ID="373853AB-E85E-4412-9562-CA5F60ECD1F7" platform="MtMobile" defaultW="360" defaultH="640" measureW="360" measureH="640" screenOrientation="MoPortrait" mobileScreenScale="1.77777779102325" clipArea="(0,0,0,0)">
  <controls controlCount="5">
    <control controlID="C9784A46-D72F-4CBF-BBF5-7F583982C31B" controlTypeID="Label" x="62" y="156" w="236" h="80" zOrder="0">
      <font family="%E7%AD%89%E7%BA%BF+Light" displayName="%E7%AD%89%E7%BA%BF+Light" postScript="" weightStyle="Regular" weight="300" isBold="False" isItalic="False" useDefaultFontFamily="False"/>
      <text>Moodtter</text>
      <textSize>60</textSize>
      <lineSpacing>0</lineSpacing>
      <useDefaultTextSize>False</useDefaultTextSize>
      <selectedIndex>-1</selectedIndex>
    </control>
    <control controlID="FFB0E31C-0594-44E2-862F-1695934C14C2" controlTypeID="Label" x="88" y="246" w="185" h="22" zOrder="1">
      <font family="%E7%AD%89%E7%BA%BF+Light" displayName="%E7%AD%89%E7%BA%BF+Light" postScript="" weightStyle="Regular" weight="300" isBold="False" isItalic="False" useDefaultFontFamily="False"/>
      <text>The+new+Mood+sharing+APP</text>
      <textSize>16</textSize>
      <lineSpacing>0</lineSpacing>
      <useDefaultTextSize>False</useDefaultTextSize>
      <selectedIndex>-1</selectedIndex>
    </control>
    <control controlID="E3576C2C-E3C4-4E6C-B8BA-199EFB1FB908" controlTypeID="Label" x="142" y="268" w="76" h="22" zOrder="2">
      <font family="%E7%AD%89%E7%BA%BF+Light" displayName="%E7%AD%89%E7%BA%BF+Light" postScript="" weightStyle="Regular" weight="300" isBold="False" isItalic="False" useDefaultFontFamily="False"/>
      <text>Simple%2C+Fun</text>
      <textSize>16</textSize>
      <lineSpacing>0</lineSpacing>
      <useDefaultTextSize>False</useDefaultTextSize>
      <selectedIndex>-1</selectedIndex>
    </control>
    <control controlID="1C8BD4E4-DC06-44DF-AE5F-839B8C84E69C" controlTypeID="Button" x="62" y="344" w="236" h="48" zOrder="3">
      <borderColor>4284927231</borderColor>
      <links eventType="AtClick" animate="AmNone" animateAutoDelay="0" animateDuration="500">
        <link targetPageID="590BB407-6748-4D8C-A7F7-D608CB90500B" linkType="ltPageLink" isApplyIncludePage="False" title="Login">
          <area shape="0" alt="" ID="{F369C9AF-F387-4F27-B2EE-13166C0CC34F}" coords="(0,0,236,48)"/>
        </link>
      </links>
      <font family="%E5%BE%AE%E8%BD%AF%E9%9B%85%E9%BB%91" displayName="%E5%BE%AE%E8%BD%AF%E9%9B%85%E9%BB%91" postScript="" weightStyle="Regular" weight="400" isBold="False" isItalic="False"/>
      <text>Sign+In</text>
      <textColor>4284927231</textColor>
      <lineSpacing>0</lineSpacing>
      <selectedIndex>-1</selectedIndex>
    </control>
    <control controlID="28F30875-83E8-44D7-936C-EBFE08646AE4" controlTypeID="Button" x="61" y="414" w="237" h="48" zOrder="4">
      <color>4284927231</color>
      <borderColor>4278242559</borderColor>
      <links eventType="AtClick" animate="AmNone" animateAutoDelay="0" animateDuration="500">
        <link targetPageID="12CFE421-46CE-4281-BD8F-DDDD1B787E3D" linkType="ltPageLink" isApplyIncludePage="False" title="Register">
          <area shape="0" alt="" ID="{99057779-1FD3-451B-A89D-BA1C8C0D9A57}" coords="(0,0,237,48)"/>
        </link>
      </links>
      <font family="%E5%BE%AE%E8%BD%AF%E9%9B%85%E9%BB%91" displayName="%E5%BE%AE%E8%BD%AF%E9%9B%85%E9%BB%91" postScript="" weightStyle="Regular" weight="400" isBold="False" isItalic="False"/>
      <text>Join+Now</text>
      <textColor>4294967295</textColor>
      <lineSpacing>0</lineSpacing>
      <selectedIndex>-1</selectedIndex>
    </control>
  </controls>
  <param>
    <backgroundColor>4294967295</backgroundColor>
    <fontSize>0</fontSize>
    <fontFamily/>
    <guideLines/>
  </param>
</mockup>