﻿<mockup version="5.3" minAllowVersion="5.3" ID="7110ACB6-31F4-42A7-AB9F-33644F29A409" platform="MtMobile" defaultW="360" defaultH="640" measureW="360" measureH="640" screenOrientation="MoPortrait" mobileScreenScale="1.77777779102325" clipArea="(0,0,0,0)">
  <controls controlCount="30">
    <control controlID="670F0F7A-489A-4CC3-9B86-23CCCC9E6AB2" controlTypeID="Tabs" x="0" y="620" w="360" h="20" zOrder="0">
      <font family="Segoe+UI" displayName="Segoe+UI" postScript="" weightStyle="Regular" weight="400" isBold="False" isItalic="False" useDefaultFontFamily="False"/>
      <text>Home%2CSearch%2CPost%2CNotification%2CMe</text>
      <textColor>4284900966</textColor>
      <textSize>14</textSize>
      <lineSpacing>0</lineSpacing>
      <selectedIndex>2</selectedIndex>
      <dividerColor>4293190884</dividerColor>
      <selectedTextColor>4278242559</selectedTextColor>
    </control>
    <control controlID="08254C68-6332-48FE-B989-0C185E21665C" controlTypeID="Icon" x="95" y="596" w="24" h="24" zOrder="1">
      <links eventType="AtClick" animate="AmNone" animateAutoDelay="0" animateDuration="500">
        <link targetPageID="3DA3CBBA-396A-4985-8A4A-FF31BB10ABBA" linkType="ltPageLink" isApplyIncludePage="False" title="Search">
          <area shape="0" alt="" ID="{0E497174-536D-4A3C-A856-21D62EF54801}" coords="(0,0,24,24)"/>
        </link>
      </links>
      <icon>
        <ID/>
        <iconFontName>jdIcoFont</iconFontName>
        <iconCode>59217</iconCode>
      </icon>
      <URL>5B42555577E2EDEFD5648F7EACF271B1.svg</URL>
    </control>
    <control controlID="71DDBDAF-6D64-4759-ADDE-6705971AB445" controlTypeID="Icon" x="239" y="596" w="24" h="24" zOrder="2">
      <links eventType="AtClick" animate="AmNone" animateAutoDelay="0" animateDuration="500">
        <link targetPageID="8948A0DB-0DC4-4561-BBA7-3D6AC8D58F83" linkType="ltPageLink" isApplyIncludePage="False" title="Notification">
          <area shape="0" alt="" ID="{B95C08A2-7647-4C0B-9275-54689C07C6CF}" coords="(0,0,24,24)"/>
        </link>
      </links>
      <icon>
        <ID/>
        <iconFontName>jdFontAwesome</iconFontName>
        <iconCode>61443</iconCode>
      </icon>
      <URL>B580EFDE757BFEFDFAE97C8770013819.svg</URL>
    </control>
    <control controlID="82CA579F-F655-4D58-BCB7-750D14541A6E" controlTypeID="Icon" x="23" y="596" w="24" h="24" zOrder="3">
      <links eventType="AtClick" animate="AmNone" animateAutoDelay="0" animateDuration="500">
        <link targetPageID="38381CBD-5D8A-4BB3-9C76-4F9FDC1E7441" linkType="ltPageLink" isApplyIncludePage="False" title="Home">
          <area shape="0" alt="" ID="{CDE9B2A1-D75C-4DF7-9DF0-971604B867DB}" coords="(0,0,24,24)"/>
        </link>
      </links>
      <icon>
        <ID/>
        <iconFontName>jdIonicons</iconFontName>
        <iconCode>62535</iconCode>
      </icon>
      <URL>CF75DBB601952B6BB4B151C544C1D2C8.svg</URL>
    </control>
    <control controlID="A563FFF7-BA20-43BD-A5BE-0EBCBA25DA93" controlTypeID="Icon" x="310" y="596" w="24" h="24" zOrder="4">
      <links eventType="AtClick" animate="AmNone" animateAutoDelay="0" animateDuration="500">
        <link targetPageID="99FBBEBF-5621-42D1-82F8-F5CFD925F04A" linkType="ltPageLink" isApplyIncludePage="False" title="About+Me">
          <area shape="0" alt="" ID="{86622891-0E9A-48E2-BDDF-0C2A0EF7147C}" coords="(0,0,24,24)"/>
        </link>
      </links>
      <icon>
        <ID/>
        <iconFontName>jdIonicons</iconFontName>
        <iconCode>62168</iconCode>
      </icon>
      <URL>A4BBA5CCC7880CC1D7108AAE4A99AB6E.svg</URL>
    </control>
    <control controlID="FEB9A980-C5AC-4553-80E5-771864D716E6" controlTypeID="Icon" x="167" y="596" w="24" h="24" zOrder="5">
      <color>4278242559</color>
      <icon>
        <ID/>
        <iconFontName>jdIonicons</iconFontName>
        <iconCode>62151</iconCode>
      </icon>
      <URL>D08755C22A9B40B6BF65036DEC8B44B4.svg</URL>
    </control>
    <control controlID="5ABDDA3B-9303-48C0-9F75-F149763C7BF2" controlTypeID="HRule" x="-1" y="584" w="361" h="12" zOrder="6">
      <color>4293190884</color>
      <opacity>0.800000011920929</opacity>
      <thickness>1</thickness>
    </control>
    <control controlID="AF4D655E-42DF-431A-88B8-A6EBA13FDC54" controlTypeID="HRule" x="0" y="59" w="360" h="12" zOrder="7">
      <color>4293190884</color>
      <opacity>0.800000011920929</opacity>
      <thickness>1</thickness>
    </control>
    <control controlID="CFF528E2-FAF3-415C-9442-2FD8465A120C" controlTypeID="Label" x="24" y="19" w="178" h="30" zOrder="8">
      <font family="Segoe+UI" displayName="Segoe+UI" postScript="" weightStyle="Regular" weight="400" isBold="False" isItalic="False" useDefaultFontFamily="False"/>
      <text>New+Mood+Event+!</text>
      <textColor>4284927231</textColor>
      <textSize>22</textSize>
      <lineSpacing>0</lineSpacing>
      <useDefaultTextSize>False</useDefaultTextSize>
      <selectedIndex>-1</selectedIndex>
    </control>
    <control controlID="0E631F8B-749F-4422-ADAE-0153717459FE" controlTypeID="Icon" x="23" y="265" w="45" h="45" zOrder="9">
      <color>4284927231</color>
      <icon>
        <ID/>
        <iconFontName>jdIonicons</iconFontName>
        <iconCode>62353</iconCode>
      </icon>
      <URL>273F820FD8252835AA1E7927378AF485.svg</URL>
    </control>
    <control controlID="69138D9B-DDB4-432E-861D-9EE6AB4FA341" controlTypeID="TextInput" x="78" y="265" w="256" h="45" zOrder="10">
      <borderColor>4284927231</borderColor>
      <font family="Segoe+UI" displayName="Segoe+UI" postScript="" weightStyle="Regular" weight="400" isBold="False" isItalic="False" useDefaultFontFamily="False"/>
      <textColor>4284927231</textColor>
      <textSize>18</textSize>
      <textAlign>HaCenter</textAlign>
      <lineSpacing>0</lineSpacing>
      <useDefaultTextSize>False</useDefaultTextSize>
      <selectedIndex>-1</selectedIndex>
      <placeHolder>Comments%3F</placeHolder>
    </control>
    <control controlID="2574F4ED-BB6C-4737-B934-2DD3A0648DEB" controlTypeID="Image" x="23" y="210" w="45" h="45" zOrder="11">
      <URL>C3F54CC0DAA83EB09A3BC8D826191F5F.png</URL>
    </control>
    <control controlID="1D70F32A-FBA1-4215-8664-2912545290E8" controlTypeID="Icon" x="23" y="320" w="45" h="45" zOrder="12">
      <color>4284927231</color>
      <icon>
        <ID/>
        <iconFontName>jdIonicons</iconFontName>
        <iconCode>62348</iconCode>
      </icon>
      <URL>C9A19AEA8333861081ABFD164D361FEF.svg</URL>
    </control>
    <control controlID="E8400B4C-8A97-4BED-A128-A2E97834E82E" controlTypeID="CompositeComboBox" x="78" y="211" w="256" h="45" zOrder="13">
      <borderColor>4284927231</borderColor>
      <groupChildrenDescriptors>
        <control controlID="8A2487EC-9588-4F6F-B7F9-12F4C2CC19BE" controlTypeID="TextInput" x="0" y="0" w="233" h="45" zOrder="0">
          <locked>True</locked>
          <borderColor>4284927231</borderColor>
          <canMove>False</canMove>
          <alias>input</alias>
          <font family="%E7%AD%89%E7%BA%BF+Light" displayName="%E7%AD%89%E7%BA%BF+Light" postScript="" weightStyle="Regular" weight="300" isBold="False" isItalic="False" useDefaultFontFamily="False"/>
          <text>--Social+Situation%3F--</text>
          <textColor>4284927231</textColor>
          <textSize>18</textSize>
          <lineSpacing>0</lineSpacing>
          <selectedIndex>-1</selectedIndex>
        </control>
        <control controlID="20BE7792-3E8C-414F-8FEC-F25BC9AB4523" controlTypeID="Button" x="232" y="0" w="24" h="45" zOrder="1">
          <locked>True</locked>
          <borderColor>4284927231</borderColor>
          <canMove>False</canMove>
          <alias>button</alias>
          <font family="Segoe+UI" displayName="Segoe+UI" postScript="" weightStyle="Regular" weight="400" isBold="False" isItalic="False"/>
          <lineSpacing>0</lineSpacing>
          <selectedIndex>-1</selectedIndex>
          <radius>0</radius>
        </control>
        <control controlID="F76DCB40-DF2D-4196-A9D3-0207975D9A2A" controlTypeID="List" x="0" y="45" w="256" h="227" zOrder="2">
          <isShow>False</isShow>
          <borderColor>4284927231</borderColor>
          <canMove>False</canMove>
          <alias>dropDown</alias>
          <font family="%E7%AD%89%E7%BA%BF+Light" displayName="%E7%AD%89%E7%BA%BF+Light" postScript="" weightStyle="Regular" weight="300" isBold="False" isItalic="False" useDefaultFontFamily="False"/>
          <text>--Social+Situation%3F--%0D%0AAlone%0D%0AWith+one+other+person%0D%0AWith+a+small+group%0D%0AWIth+a+crowd%0D%0A</text>
          <textSize>18</textSize>
          <lineSpacing>0</lineSpacing>
          <itemHeight>45</itemHeight>
          <interlaceColor>4294967295</interlaceColor>
        </control>
      </groupChildrenDescriptors>
      <baseHeight>45</baseHeight>
      <font family="%E7%AD%89%E7%BA%BF+Light"/>
      <textColor>4284927231</textColor>
      <textSize>18</textSize>
    </control>
    <control controlID="5FE9AA75-D006-464F-8403-5500B17FC36A" controlTypeID="Switch" x="256" y="322" w="78" h="35" zOrder="14">
      <color>4292730333</color>
      <borderColor>4284927231</borderColor>
      <borderVisible>False</borderVisible>
      <isOpen>False</isOpen>
      <onColor>4284927231</onColor>
    </control>
    <control controlID="E8F99435-05A6-4C2D-BA2A-916A0DFE7C7F" controlTypeID="Label" x="84" y="328" w="138" h="24" zOrder="15">
      <font family="Segoe+UI" displayName="Segoe+UI" postScript="" weightStyle="Regular" weight="400" isBold="False" isItalic="False" useDefaultFontFamily="False"/>
      <text>Include+Location%3F</text>
      <textColor>4284927231</textColor>
      <textSize>18</textSize>
      <lineSpacing>0</lineSpacing>
      <useDefaultTextSize>False</useDefaultTextSize>
      <selectedIndex>-1</selectedIndex>
    </control>
    <control controlID="AC2C2A30-C2E8-4BC7-B414-7C8F3693C0B1" controlTypeID="Image" x="23" y="375" w="45" h="45" zOrder="16">
      <URL>C93E5DB575CF3B81893ADD27F2CFFCC4.png</URL>
    </control>
    <control controlID="B4E0E929-9010-4EAA-BEEB-495EF0BC3B77" controlTypeID="Label" x="84" y="385" w="118" h="24" zOrder="17">
      <font family="Segoe+UI" displayName="Segoe+UI" postScript="" weightStyle="Regular" weight="400" isBold="False" isItalic="False" useDefaultFontFamily="False"/>
      <text>Add+an+image%3F</text>
      <textColor>4284927231</textColor>
      <textSize>18</textSize>
      <lineSpacing>0</lineSpacing>
      <useDefaultTextSize>False</useDefaultTextSize>
      <selectedIndex>-1</selectedIndex>
    </control>
    <control controlID="2A5ECCF7-5C87-4F3B-81DA-BE734C5958E4" controlTypeID="Button" x="256" y="375" w="78" h="35" zOrder="18">
      <color>4284927231</color>
      <borderColor>4278242559</borderColor>
      <font family="Segoe+UI" displayName="Segoe+UI" postScript="" weightStyle="Regular" weight="400" isBold="False" isItalic="False"/>
      <text>%2B+Image</text>
      <textColor>4294967295</textColor>
      <lineSpacing>0</lineSpacing>
      <selectedIndex>-1</selectedIndex>
      <radius>2</radius>
    </control>
    <control controlID="400D6A51-5F4F-4DA5-98D7-26E68F52D693" controlTypeID="Icon" x="23" y="100" w="45" h="45" zOrder="19">
      <color>4284927231</color>
      <icon>
        <ID/>
        <iconFontName>jdIonicons</iconFontName>
        <iconCode>62298</iconCode>
      </icon>
      <URL>3D5E90344E23C923EF92911B802563ED.svg</URL>
    </control>
    <control controlID="4CA422B2-E340-4A2D-A94C-B4D695ED1450" controlTypeID="TextInput" x="78" y="100" w="256" h="45" zOrder="20">
      <borderColor>4284927231</borderColor>
      <font family="Segoe+UI" displayName="Segoe+UI" postScript="" weightStyle="Regular" weight="400" isBold="False" isItalic="False" useDefaultFontFamily="False"/>
      <text>2019-10-16+09%3A56%3A59</text>
      <textColor>4284927231</textColor>
      <textSize>18</textSize>
      <textAlign>HaCenter</textAlign>
      <lineSpacing>0</lineSpacing>
      <useDefaultTextSize>False</useDefaultTextSize>
      <selectedIndex>-1</selectedIndex>
      <canInput>False</canInput>
    </control>
    <control controlID="6B1B2249-02D1-4598-B43F-3374050B1E22" controlTypeID="Image" x="24" y="155" w="45" h="45" zOrder="21">
      <URL>A4C7FAF132EA69193C97FAD1B86B1A62.png</URL>
    </control>
    <control controlID="3C8A69F7-6FA8-4CA9-A75C-60B882B47306" controlTypeID="CompositeComboBox" x="79" y="155" w="256" h="45" zOrder="22">
      <borderColor>4284927231</borderColor>
      <groupChildrenDescriptors>
        <control controlID="886AA236-DA1E-4B8D-957E-6E6305B17523" controlTypeID="TextInput" x="0" y="0" w="233" h="45" zOrder="0">
          <locked>True</locked>
          <borderColor>4284927231</borderColor>
          <canMove>False</canMove>
          <alias>input</alias>
          <font family="%E7%AD%89%E7%BA%BF+Light" displayName="%E7%AD%89%E7%BA%BF+Light" postScript="" weightStyle="Regular" weight="300" isBold="False" isItalic="False" useDefaultFontFamily="False"/>
          <text>--How+Do+You+Feel+Today%3F--</text>
          <textColor>4284927231</textColor>
          <textSize>18</textSize>
          <lineSpacing>0</lineSpacing>
          <selectedIndex>-1</selectedIndex>
        </control>
        <control controlID="00C3CC78-2689-4DDE-BF03-090646AD5442" controlTypeID="Button" x="232" y="0" w="24" h="45" zOrder="1">
          <locked>True</locked>
          <borderColor>4284927231</borderColor>
          <canMove>False</canMove>
          <alias>button</alias>
          <font family="Segoe+UI" displayName="Segoe+UI" postScript="" weightStyle="Regular" weight="400" isBold="False" isItalic="False"/>
          <lineSpacing>0</lineSpacing>
          <selectedIndex>-1</selectedIndex>
          <radius>0</radius>
        </control>
        <control controlID="A2DD9E26-6BEB-497B-B05C-F78451B5BDD5" controlTypeID="List" x="0" y="45" w="256" h="137" zOrder="2">
          <isShow>False</isShow>
          <borderColor>4284927231</borderColor>
          <canMove>False</canMove>
          <alias>dropDown</alias>
          <links eventType="AtClick" animate="AmNone" animateAutoDelay="0" animateDuration="500">
            <link targetPageID="" linkType="ltPageLink" isApplyIncludePage="False" title="--How+Do+You+Feel+Today%3F--">
              <area shape="0" alt="" ID="{473B0557-4573-40FE-A5C9-2836FCFCE796}" coords="(1,1,255,46)"/>
            </link>
            <link targetPageID="D473A54C-78D6-47EB-9087-FBD8D4447925" linkType="ltPageLink" isApplyIncludePage="False" title="Happy">
              <area shape="0" alt="" ID="{A72C6977-8FD3-4163-84B7-1B56D83E81C9}" coords="(1,46,255,91)"/>
            </link>
            <link targetPageID="E166939B-9366-4FCD-90CF-FEB1F38702B2" linkType="ltPageLink" isApplyIncludePage="False" title="Sad">
              <area shape="0" alt="" ID="{DA17CE9F-F827-4B2B-9F03-F57FF774FE91}" coords="(1,91,255,136)"/>
            </link>
          </links>
          <font family="%E7%AD%89%E7%BA%BF+Light" displayName="%E7%AD%89%E7%BA%BF+Light" postScript="" weightStyle="Regular" weight="300" isBold="False" isItalic="False" useDefaultFontFamily="False"/>
          <text>--How+Do+You+Feel+Today%3F--%0D%0AHappy%0D%0ASad%0D%0A</text>
          <textSize>18</textSize>
          <lineSpacing>0</lineSpacing>
          <itemHeight>45</itemHeight>
          <interlaceColor>4294967295</interlaceColor>
        </control>
      </groupChildrenDescriptors>
      <baseHeight>45</baseHeight>
      <font family="%E7%AD%89%E7%BA%BF+Light"/>
      <textColor>4284927231</textColor>
      <textSize>18</textSize>
    </control>
    <control controlID="E184DE97-16ED-4DB6-8EBE-8987EFE47EFB" controlTypeID="Icon" x="294" y="14" w="40" h="40" zOrder="23">
      <color>4284927231</color>
      <icon>
        <ID/>
        <iconFontName>jdIonicons</iconFontName>
        <iconCode>62323</iconCode>
      </icon>
      <URL>784D3084F9C2AFEEB7C71AAC6A2AAEE8.svg</URL>
    </control>
  </controls>
  <param>
    <backgroundColor>4294967295</backgroundColor>
    <fontSize>0</fontSize>
    <fontFamily/>
    <guideLines/>
  </param>
</mockup>