﻿<mockup version="5.3" minAllowVersion="5.3" ID="D473A54C-78D6-47EB-9087-FBD8D4447925" platform="MtMobile" defaultW="360" defaultH="640" measureW="360" measureH="640" screenOrientation="MoPortrait" mobileScreenScale="1.77777779102325" clipArea="(0,0,0,0)">
  <controls controlCount="31">
    <control controlID="A7F6B49C-79EB-4CCD-9BA2-157A087709CA" controlTypeID="Image" x="24" y="155" w="45" h="45" zOrder="0">
      <URL>3F77B22234EDDB48994560DDABECE656.png</URL>
    </control>
    <control controlID="0B5CEF3D-5AEE-4269-A554-112BA589C773" controlTypeID="CompositeComboBox" x="78" y="155" w="256" h="45" zOrder="1">
      <borderColor>4294953984</borderColor>
      <groupChildrenDescriptors>
        <control controlID="5371CFE5-5B80-4523-9846-BC28A5D4B27B" controlTypeID="TextInput" x="0" y="0" w="233" h="45" zOrder="0">
          <locked>True</locked>
          <borderColor>4294953984</borderColor>
          <canMove>False</canMove>
          <alias>input</alias>
          <font family="%E7%AD%89%E7%BA%BF+Light" displayName="%E7%AD%89%E7%BA%BF+Light" postScript="" weightStyle="Regular" weight="300" isBold="False" isItalic="False" useDefaultFontFamily="False"/>
          <text>Happy</text>
          <textColor>4294953984</textColor>
          <textSize>18</textSize>
          <lineSpacing>0</lineSpacing>
          <selectedIndex>-1</selectedIndex>
        </control>
        <control controlID="E23D5A5B-7060-4875-86BD-7075B351EC90" controlTypeID="Button" x="232" y="0" w="24" h="45" zOrder="1">
          <locked>True</locked>
          <borderColor>4294953984</borderColor>
          <canMove>False</canMove>
          <alias>button</alias>
          <font family="Segoe+UI" displayName="Segoe+UI" postScript="" weightStyle="Regular" weight="400" isBold="False" isItalic="False"/>
          <lineSpacing>0</lineSpacing>
          <selectedIndex>-1</selectedIndex>
          <radius>0</radius>
        </control>
        <control controlID="EA1446F9-F5AC-4626-A8C2-6DDE8EB89834" controlTypeID="List" x="0" y="45" w="256" h="92" zOrder="2">
          <isShow>False</isShow>
          <borderColor>4294953984</borderColor>
          <canMove>False</canMove>
          <alias>dropDown</alias>
          <links eventType="AtClick" animate="AmNone" animateAutoDelay="0" animateDuration="500">
            <link targetPageID="" linkType="ltPageLink" isApplyIncludePage="False" title="Happy">
              <area shape="0" alt="" ID="{0163DE59-FC3C-4CA9-97C3-D7D3E2002701}" coords="(1,1,255,46)"/>
            </link>
            <link targetPageID="E166939B-9366-4FCD-90CF-FEB1F38702B2" linkType="ltPageLink" isApplyIncludePage="False" title="Angry">
              <area shape="0" alt="" ID="{5689418F-49D2-4391-BFAF-25342B12F74B}" coords="(1,46,255,91)"/>
            </link>
          </links>
          <font family="%E7%AD%89%E7%BA%BF+Light" displayName="%E7%AD%89%E7%BA%BF+Light" postScript="" weightStyle="Regular" weight="300" isBold="False" isItalic="False" useDefaultFontFamily="False"/>
          <text>Happy%0D%0AAngry%0D%0A</text>
          <textSize>18</textSize>
          <lineSpacing>0</lineSpacing>
          <itemHeight>45</itemHeight>
          <interlaceColor>4294967295</interlaceColor>
        </control>
      </groupChildrenDescriptors>
      <baseHeight>45</baseHeight>
      <font family="%E7%AD%89%E7%BA%BF+Light"/>
      <textColor>4294953984</textColor>
      <textSize>18</textSize>
    </control>
    <control controlID="BF71597B-39E3-4105-A95C-807D79DB0895" controlTypeID="Tabs" x="0" y="620" w="360" h="20" zOrder="2">
      <font family="Segoe+UI" displayName="Segoe+UI" postScript="" weightStyle="Regular" weight="400" isBold="False" isItalic="False" useDefaultFontFamily="False"/>
      <text>Home%2CSearch%2CPost%2CNotification%2CMe</text>
      <textColor>4284900966</textColor>
      <textSize>14</textSize>
      <lineSpacing>0</lineSpacing>
      <selectedIndex>2</selectedIndex>
      <dividerColor>4293190884</dividerColor>
      <selectedTextColor>4278242559</selectedTextColor>
    </control>
    <control controlID="A98A164C-4C74-4E0C-ABE4-10BD46E09254" controlTypeID="Icon" x="95" y="596" w="24" h="24" zOrder="3">
      <links eventType="AtClick" animate="AmNone" animateAutoDelay="0" animateDuration="500">
        <link targetPageID="3DA3CBBA-396A-4985-8A4A-FF31BB10ABBA" linkType="ltPageLink" isApplyIncludePage="False" title="Search">
          <area shape="0" alt="" ID="{0E497174-536D-4A3C-A856-21D62EF54801}" coords="(0,0,24,24)"/>
        </link>
      </links>
      <icon>
        <ID/>
        <iconFontName>jdIcoFont</iconFontName>
        <iconCode>59217</iconCode>
      </icon>
      <URL>5B42555577E2EDEFD5648F7EACF271B1.svg</URL>
    </control>
    <control controlID="08E590EF-A1DF-4BDE-BADA-3B9E242628C4" controlTypeID="Icon" x="239" y="596" w="24" h="24" zOrder="4">
      <links eventType="AtClick" animate="AmNone" animateAutoDelay="0" animateDuration="500">
        <link targetPageID="8948A0DB-0DC4-4561-BBA7-3D6AC8D58F83" linkType="ltPageLink" isApplyIncludePage="False" title="Notification">
          <area shape="0" alt="" ID="{B95C08A2-7647-4C0B-9275-54689C07C6CF}" coords="(0,0,24,24)"/>
        </link>
      </links>
      <icon>
        <ID/>
        <iconFontName>jdFontAwesome</iconFontName>
        <iconCode>61443</iconCode>
      </icon>
      <URL>B580EFDE757BFEFDFAE97C8770013819.svg</URL>
    </control>
    <control controlID="8B95C5F5-4789-45C2-A0D5-FE296048AACD" controlTypeID="Icon" x="23" y="596" w="24" h="24" zOrder="5">
      <links eventType="AtClick" animate="AmNone" animateAutoDelay="0" animateDuration="500">
        <link targetPageID="38381CBD-5D8A-4BB3-9C76-4F9FDC1E7441" linkType="ltPageLink" isApplyIncludePage="False" title="Home">
          <area shape="0" alt="" ID="{CDE9B2A1-D75C-4DF7-9DF0-971604B867DB}" coords="(0,0,24,24)"/>
        </link>
      </links>
      <icon>
        <ID/>
        <iconFontName>jdIonicons</iconFontName>
        <iconCode>62535</iconCode>
      </icon>
      <URL>CF75DBB601952B6BB4B151C544C1D2C8.svg</URL>
    </control>
    <control controlID="DEE949A1-CCB8-49A3-B49B-22D6BD62ADBB" controlTypeID="Icon" x="310" y="596" w="24" h="24" zOrder="6">
      <links eventType="AtClick" animate="AmNone" animateAutoDelay="0" animateDuration="500">
        <link targetPageID="99FBBEBF-5621-42D1-82F8-F5CFD925F04A" linkType="ltPageLink" isApplyIncludePage="False" title="About+Me">
          <area shape="0" alt="" ID="{86622891-0E9A-48E2-BDDF-0C2A0EF7147C}" coords="(0,0,24,24)"/>
        </link>
      </links>
      <icon>
        <ID/>
        <iconFontName>jdIonicons</iconFontName>
        <iconCode>62168</iconCode>
      </icon>
      <URL>A4BBA5CCC7880CC1D7108AAE4A99AB6E.svg</URL>
    </control>
    <control controlID="F6780684-CB50-4A9D-877D-3073B58C4C89" controlTypeID="Icon" x="167" y="596" w="24" h="24" zOrder="7">
      <color>4278242559</color>
      <icon>
        <ID/>
        <iconFontName>jdIonicons</iconFontName>
        <iconCode>62151</iconCode>
      </icon>
      <URL>D08755C22A9B40B6BF65036DEC8B44B4.svg</URL>
    </control>
    <control controlID="F1654602-32D1-4373-813F-7B29BC49DF1E" controlTypeID="HRule" x="-1" y="584" w="361" h="12" zOrder="8">
      <color>4293190884</color>
      <opacity>0.800000011920929</opacity>
      <thickness>1</thickness>
    </control>
    <control controlID="12586872-0A5D-4F62-B1E2-8FD29A1654B9" controlTypeID="HRule" x="0" y="59" w="360" h="12" zOrder="9">
      <color>4293190884</color>
      <opacity>0.800000011920929</opacity>
      <thickness>1</thickness>
    </control>
    <control controlID="C55BD332-737F-48AF-A60B-97DCE8ED75D0" controlTypeID="Label" x="24" y="19" w="178" h="30" zOrder="10">
      <font family="Segoe+UI" displayName="Segoe+UI" postScript="" weightStyle="Regular" weight="400" isBold="False" isItalic="False" useDefaultFontFamily="False"/>
      <text>New+Mood+Event+!</text>
      <textColor>4284927231</textColor>
      <textSize>22</textSize>
      <lineSpacing>0</lineSpacing>
      <useDefaultTextSize>False</useDefaultTextSize>
      <selectedIndex>-1</selectedIndex>
    </control>
    <control controlID="F697EF51-E19D-44C3-B264-B50D2963FD71" controlTypeID="Icon" x="294" y="14" w="40" h="40" zOrder="11">
      <color>4284927231</color>
      <links eventType="AtClick" animate="AmNone" animateAutoDelay="0" animateDuration="500">
        <link targetPageID="99FBBEBF-5621-42D1-82F8-F5CFD925F04A" linkType="ltPageLink" isApplyIncludePage="False" title="About_Me">
          <area shape="0" alt="" ID="{914656C5-49EC-4399-B493-C2EB230345A3}" coords="(0,0,40,40)"/>
        </link>
      </links>
      <icon>
        <ID/>
        <iconFontName>jdIonicons</iconFontName>
        <iconCode>62323</iconCode>
      </icon>
      <URL>784D3084F9C2AFEEB7C71AAC6A2AAEE8.svg</URL>
    </control>
    <control controlID="D7B55847-9492-46BF-BE12-087B2E876C6E" controlTypeID="Icon" x="23" y="265" w="45" h="45" zOrder="12">
      <color>4284927231</color>
      <icon>
        <ID/>
        <iconFontName>jdIonicons</iconFontName>
        <iconCode>62353</iconCode>
      </icon>
      <URL>273F820FD8252835AA1E7927378AF485.svg</URL>
    </control>
    <control controlID="BCC419A8-EF41-4554-B770-03EEAD814E3E" controlTypeID="TextInput" x="78" y="265" w="256" h="45" zOrder="13">
      <borderColor>4284927231</borderColor>
      <font family="Segoe+UI" displayName="Segoe+UI" postScript="" weightStyle="Regular" weight="400" isBold="False" isItalic="False" useDefaultFontFamily="False"/>
      <textColor>4284927231</textColor>
      <textSize>18</textSize>
      <textAlign>HaCenter</textAlign>
      <lineSpacing>0</lineSpacing>
      <useDefaultTextSize>False</useDefaultTextSize>
      <selectedIndex>-1</selectedIndex>
      <placeHolder>Comments%3F</placeHolder>
    </control>
    <control controlID="7E99A7CD-0D72-416A-B182-8985042FBD25" controlTypeID="Image" x="23" y="210" w="45" h="45" zOrder="14">
      <URL>C3F54CC0DAA83EB09A3BC8D826191F5F.png</URL>
    </control>
    <control controlID="0E62FD98-A4A9-49C8-BEF2-DC1244495781" controlTypeID="Icon" x="23" y="320" w="45" h="45" zOrder="15">
      <color>4284927231</color>
      <icon>
        <ID/>
        <iconFontName>jdIonicons</iconFontName>
        <iconCode>62348</iconCode>
      </icon>
      <URL>C9A19AEA8333861081ABFD164D361FEF.svg</URL>
    </control>
    <control controlID="13468DB6-8558-4F9D-8933-AA08C1FF18A9" controlTypeID="CompositeComboBox" x="78" y="211" w="256" h="45" zOrder="16">
      <borderColor>4284927231</borderColor>
      <groupChildrenDescriptors>
        <control controlID="38E1E2DE-2F66-45DC-BD77-43A00CC37C9D" controlTypeID="TextInput" x="0" y="0" w="233" h="45" zOrder="0">
          <locked>True</locked>
          <borderColor>4284927231</borderColor>
          <canMove>False</canMove>
          <alias>input</alias>
          <font family="%E7%AD%89%E7%BA%BF+Light" displayName="%E7%AD%89%E7%BA%BF+Light" postScript="" weightStyle="Regular" weight="300" isBold="False" isItalic="False" useDefaultFontFamily="False"/>
          <text>With+one+other+person</text>
          <textColor>4284927231</textColor>
          <textSize>18</textSize>
          <lineSpacing>0</lineSpacing>
          <selectedIndex>-1</selectedIndex>
        </control>
        <control controlID="0053F5FA-ABD0-49BB-A4AB-63422F426C2F" controlTypeID="Button" x="232" y="0" w="24" h="45" zOrder="1">
          <locked>True</locked>
          <borderColor>4284927231</borderColor>
          <canMove>False</canMove>
          <alias>button</alias>
          <font family="Segoe+UI" displayName="Segoe+UI" postScript="" weightStyle="Regular" weight="400" isBold="False" isItalic="False"/>
          <lineSpacing>0</lineSpacing>
          <selectedIndex>-1</selectedIndex>
          <radius>0</radius>
        </control>
        <control controlID="F541D08A-D9EB-43B5-A2AA-936546CB707B" controlTypeID="List" x="0" y="45" w="256" h="182" zOrder="2">
          <isShow>False</isShow>
          <borderColor>4284927231</borderColor>
          <canMove>False</canMove>
          <alias>dropDown</alias>
          <font family="%E7%AD%89%E7%BA%BF+Light" displayName="%E7%AD%89%E7%BA%BF+Light" postScript="" weightStyle="Regular" weight="300" isBold="False" isItalic="False" useDefaultFontFamily="False"/>
          <text>With+one+other+person%0D%0AAlone%0D%0AWith+a+small+group%0D%0AWIth+a+crowd%0D%0A</text>
          <textSize>18</textSize>
          <lineSpacing>0</lineSpacing>
          <itemHeight>45</itemHeight>
          <interlaceColor>4294967295</interlaceColor>
        </control>
      </groupChildrenDescriptors>
      <baseHeight>45</baseHeight>
      <font family="%E7%AD%89%E7%BA%BF+Light"/>
      <textColor>4284927231</textColor>
      <textSize>18</textSize>
    </control>
    <control controlID="5A7524B0-2A32-49CE-AD16-3C4279975294" controlTypeID="Switch" x="256" y="322" w="78" h="35" zOrder="17">
      <color>4292730333</color>
      <borderColor>4284927231</borderColor>
      <borderVisible>False</borderVisible>
      <onColor>4284927231</onColor>
    </control>
    <control controlID="9DE5DA7B-5369-4ECB-AB71-24DEFE169464" controlTypeID="Label" x="84" y="328" w="138" h="24" zOrder="18">
      <font family="Segoe+UI" displayName="Segoe+UI" postScript="" weightStyle="Regular" weight="400" isBold="False" isItalic="False" useDefaultFontFamily="False"/>
      <text>Include+Location%3F</text>
      <textColor>4284927231</textColor>
      <textSize>18</textSize>
      <lineSpacing>0</lineSpacing>
      <useDefaultTextSize>False</useDefaultTextSize>
      <selectedIndex>-1</selectedIndex>
    </control>
    <control controlID="049B7DC4-6640-439D-BFB7-323B49CA733F" controlTypeID="Image" x="23" y="375" w="45" h="45" zOrder="19">
      <URL>C93E5DB575CF3B81893ADD27F2CFFCC4.png</URL>
    </control>
    <control controlID="27F1D07C-66BB-4D11-8E3A-1D354075B71E" controlTypeID="Label" x="84" y="385" w="118" h="24" zOrder="20">
      <font family="Segoe+UI" displayName="Segoe+UI" postScript="" weightStyle="Regular" weight="400" isBold="False" isItalic="False" useDefaultFontFamily="False"/>
      <text>Add+an+image%3F</text>
      <textColor>4284927231</textColor>
      <textSize>18</textSize>
      <lineSpacing>0</lineSpacing>
      <useDefaultTextSize>False</useDefaultTextSize>
      <selectedIndex>-1</selectedIndex>
    </control>
    <control controlID="8A32E2C2-6E26-4C22-B890-1D58E8AF869D" controlTypeID="Button" x="256" y="375" w="78" h="35" zOrder="21">
      <color>4284927231</color>
      <borderColor>4278242559</borderColor>
      <font family="Segoe+UI" displayName="Segoe+UI" postScript="" weightStyle="Regular" weight="400" isBold="False" isItalic="False"/>
      <text>%2B+Image</text>
      <textColor>4294967295</textColor>
      <lineSpacing>0</lineSpacing>
      <selectedIndex>-1</selectedIndex>
      <radius>2</radius>
    </control>
    <control controlID="B75F7A0F-6A70-48A2-A264-614204E1B184" controlTypeID="Icon" x="23" y="100" w="45" h="45" zOrder="22">
      <color>4284927231</color>
      <icon>
        <ID/>
        <iconFontName>jdIonicons</iconFontName>
        <iconCode>62298</iconCode>
      </icon>
      <URL>3D5E90344E23C923EF92911B802563ED.svg</URL>
    </control>
    <control controlID="AE1AEE7C-8200-4F57-857E-3CB4091582BC" controlTypeID="TextInput" x="78" y="100" w="256" h="45" zOrder="23">
      <borderColor>4284927231</borderColor>
      <font family="Segoe+UI" displayName="Segoe+UI" postScript="" weightStyle="Regular" weight="400" isBold="False" isItalic="False" useDefaultFontFamily="False"/>
      <text>2019-10-16+09%3A56%3A59</text>
      <textColor>4284927231</textColor>
      <textSize>18</textSize>
      <textAlign>HaCenter</textAlign>
      <lineSpacing>0</lineSpacing>
      <useDefaultTextSize>False</useDefaultTextSize>
      <selectedIndex>-1</selectedIndex>
      <canInput>False</canInput>
    </control>
    <control controlID="D20ED9BD-8260-4983-AAC8-C015ADE49719" controlTypeID="Gif" x="90" y="420" w="179" h="133" zOrder="24">
      <URL>53B5D04159697ED2309FEFE29A4D06A0.gif</URL>
    </control>
  </controls>
  <param>
    <backgroundColor>4294967295</backgroundColor>
    <fontSize>0</fontSize>
    <fontFamily/>
    <guideLines/>
  </param>
</mockup>