﻿<mockup version="5.3" minAllowVersion="5.3" ID="FE70BFFA-C699-4001-9FEA-ED3861D08DCB" platform="MtMobile" defaultW="360" defaultH="640" measureW="360" measureH="640" screenOrientation="MoPortrait" mobileScreenScale="1.77777779102325" clipArea="(0,0,0,0)">
  <controls controlCount="31">
    <control controlID="B98091CF-9E72-404B-822B-7DA44A479C99" controlTypeID="Tabs" x="0" y="620" w="360" h="20" zOrder="0">
      <font family="%E7%AD%89%E7%BA%BF+Light" displayName="%E7%AD%89%E7%BA%BF+Light" postScript="" weightStyle="Regular" weight="300" isBold="False" isItalic="False" useDefaultFontFamily="False"/>
      <text>Home%2CSearch%2CPost%2CNotification%2CMe</text>
      <textColor>4284900966</textColor>
      <textSize>14</textSize>
      <lineSpacing>0</lineSpacing>
      <selectedIndex>2</selectedIndex>
      <dividerColor>4293190884</dividerColor>
      <selectedTextColor>4278242559</selectedTextColor>
    </control>
    <control controlID="59668562-6000-4E63-990A-DA5C051B92FB" controlTypeID="Icon" x="95" y="596" w="24" h="24" zOrder="1">
      <links eventType="AtClick" animate="AmNone" animateAutoDelay="0" animateDuration="500">
        <link targetPageID="3DA3CBBA-396A-4985-8A4A-FF31BB10ABBA" linkType="ltPageLink" isApplyIncludePage="False" title="Search">
          <area shape="0" alt="" ID="{0E497174-536D-4A3C-A856-21D62EF54801}" coords="(0,0,24,24)"/>
        </link>
      </links>
      <icon>
        <ID/>
        <iconFontName>jdIcoFont</iconFontName>
        <iconCode>59217</iconCode>
      </icon>
      <URL>5B42555577E2EDEFD5648F7EACF271B1.svg</URL>
    </control>
    <control controlID="DA33DDC2-E55A-4022-B22C-FFD4837668CE" controlTypeID="Icon" x="239" y="596" w="24" h="24" zOrder="2">
      <links eventType="AtClick" animate="AmNone" animateAutoDelay="0" animateDuration="500">
        <link targetPageID="8948A0DB-0DC4-4561-BBA7-3D6AC8D58F83" linkType="ltPageLink" isApplyIncludePage="False" title="Notification">
          <area shape="0" alt="" ID="{B95C08A2-7647-4C0B-9275-54689C07C6CF}" coords="(0,0,24,24)"/>
        </link>
      </links>
      <icon>
        <ID/>
        <iconFontName>jdFontAwesome</iconFontName>
        <iconCode>61443</iconCode>
      </icon>
      <URL>B580EFDE757BFEFDFAE97C8770013819.svg</URL>
    </control>
    <control controlID="CF339005-5859-4298-8909-D4D3295E0849" controlTypeID="Icon" x="23" y="596" w="24" h="24" zOrder="3">
      <links eventType="AtClick" animate="AmNone" animateAutoDelay="0" animateDuration="500">
        <link targetPageID="38381CBD-5D8A-4BB3-9C76-4F9FDC1E7441" linkType="ltPageLink" isApplyIncludePage="False" title="Home">
          <area shape="0" alt="" ID="{CDE9B2A1-D75C-4DF7-9DF0-971604B867DB}" coords="(0,0,24,24)"/>
        </link>
      </links>
      <icon>
        <ID/>
        <iconFontName>jdIonicons</iconFontName>
        <iconCode>62535</iconCode>
      </icon>
      <URL>CF75DBB601952B6BB4B151C544C1D2C8.svg</URL>
    </control>
    <control controlID="E0CB8A1C-DC32-4F45-B603-09534D43DEDB" controlTypeID="Icon" x="310" y="596" w="24" h="24" zOrder="4">
      <links eventType="AtClick" animate="AmNone" animateAutoDelay="0" animateDuration="500">
        <link targetPageID="99FBBEBF-5621-42D1-82F8-F5CFD925F04A" linkType="ltPageLink" isApplyIncludePage="False" title="About+Me">
          <area shape="0" alt="" ID="{86622891-0E9A-48E2-BDDF-0C2A0EF7147C}" coords="(0,0,24,24)"/>
        </link>
      </links>
      <icon>
        <ID/>
        <iconFontName>jdIonicons</iconFontName>
        <iconCode>62168</iconCode>
      </icon>
      <URL>A4BBA5CCC7880CC1D7108AAE4A99AB6E.svg</URL>
    </control>
    <control controlID="2EE57D28-3332-4517-8803-A3202DACA7C3" controlTypeID="Icon" x="167" y="596" w="24" h="24" zOrder="5">
      <color>4278242559</color>
      <icon>
        <ID/>
        <iconFontName>jdIonicons</iconFontName>
        <iconCode>62151</iconCode>
      </icon>
      <URL>D08755C22A9B40B6BF65036DEC8B44B4.svg</URL>
    </control>
    <control controlID="3FDAC1D4-87C0-4717-B272-283CA09FA7EA" controlTypeID="HRule" x="-1" y="584" w="361" h="12" zOrder="6">
      <color>4293190884</color>
      <opacity>0.800000011920929</opacity>
      <thickness>1</thickness>
    </control>
    <control controlID="D703BAC3-4F93-447C-B937-F492B4CD1149" controlTypeID="HRule" x="0" y="59" w="360" h="12" zOrder="7">
      <color>4293190884</color>
      <opacity>0.800000011920929</opacity>
      <thickness>1</thickness>
    </control>
    <control controlID="2933BDFE-B8EA-4C5B-995E-66E8B05595E1" controlTypeID="Label" x="24" y="19" w="169" h="30" zOrder="8">
      <font family="%E7%AD%89%E7%BA%BF+Light" displayName="%E7%AD%89%E7%BA%BF+Light" postScript="" weightStyle="Regular" weight="300" isBold="False" isItalic="False" useDefaultFontFamily="False"/>
      <text>New+Mood+Event+!</text>
      <textColor>4284927231</textColor>
      <textSize>22</textSize>
      <lineSpacing>0</lineSpacing>
      <useDefaultTextSize>False</useDefaultTextSize>
      <selectedIndex>-1</selectedIndex>
    </control>
    <control controlID="2CA49AC0-9ABC-4F17-81CF-B716A59E3087" controlTypeID="Icon" x="299" y="17" w="35" h="35" zOrder="9">
      <color>4284927231</color>
      <icon>
        <ID/>
        <iconFontName>jdIonicons</iconFontName>
        <iconCode>62153</iconCode>
      </icon>
      <URL>E71285E60CC121AE330BA2F0427C7663.svg</URL>
    </control>
    <control controlID="578CD1F0-EBF2-4C9B-BD38-61AECABC636A" controlTypeID="CompositeComboBox" x="78" y="155" w="256" h="45" zOrder="10">
      <borderColor>4284927231</borderColor>
      <groupChildrenDescriptors>
        <control controlID="D6E5B067-EF57-4FA9-A3D5-CA2581F0A508" controlTypeID="TextInput" x="0" y="0" w="233" h="45" zOrder="0">
          <locked>True</locked>
          <borderColor>4284927231</borderColor>
          <canMove>False</canMove>
          <alias>input</alias>
          <font family="%E7%AD%89%E7%BA%BF+Light" displayName="%E7%AD%89%E7%BA%BF+Light" postScript="" weightStyle="Regular" weight="300" isBold="False" isItalic="False" useDefaultFontFamily="False"/>
          <text>--How+Do+You+Feel+Today%3F--</text>
          <textColor>4284927231</textColor>
          <textSize>18</textSize>
          <lineSpacing>0</lineSpacing>
          <selectedIndex>-1</selectedIndex>
        </control>
        <control controlID="E15A7C24-C36C-41AC-8478-1AB80F310D80" controlTypeID="Button" x="232" y="0" w="24" h="45" zOrder="1">
          <locked>True</locked>
          <borderColor>4284927231</borderColor>
          <canMove>False</canMove>
          <alias>button</alias>
          <font family="%E5%BE%AE%E8%BD%AF%E9%9B%85%E9%BB%91" displayName="%E5%BE%AE%E8%BD%AF%E9%9B%85%E9%BB%91" postScript="" weightStyle="Regular" weight="400" isBold="False" isItalic="False"/>
          <lineSpacing>0</lineSpacing>
          <selectedIndex>-1</selectedIndex>
          <radius>0</radius>
        </control>
        <control controlID="CB0B7935-5E50-47EA-AF96-70128B541A0D" controlTypeID="List" x="0" y="45" w="256" h="137" zOrder="2">
          <isShow>False</isShow>
          <borderColor>4284927231</borderColor>
          <canMove>False</canMove>
          <alias>dropDown</alias>
          <font family="%E7%AD%89%E7%BA%BF+Light" displayName="%E7%AD%89%E7%BA%BF+Light" postScript="" weightStyle="Regular" weight="300" isBold="False" isItalic="False" useDefaultFontFamily="False"/>
          <text>--How+Do+You+Feel+Today%3F--%0D%0AHappy%0D%0ASad%0D%0A</text>
          <textSize>18</textSize>
          <lineSpacing>0</lineSpacing>
          <itemHeight>45</itemHeight>
          <interlaceColor>4294967295</interlaceColor>
        </control>
      </groupChildrenDescriptors>
      <baseHeight>45</baseHeight>
      <font family="%E7%AD%89%E7%BA%BF+Light"/>
      <textColor>4284927231</textColor>
      <textSize>18</textSize>
    </control>
    <control controlID="20646A37-0F14-4F2D-9B44-C1076E846B59" controlTypeID="Image" x="22" y="155" w="45" h="45" zOrder="11">
      <URL>A4C7FAF132EA69193C97FAD1B86B1A62.png</URL>
    </control>
    <control controlID="C0995A7A-8667-4A5D-B963-D5CB9B004A79" controlTypeID="Icon" x="23" y="265" w="45" h="45" zOrder="12">
      <color>4284927231</color>
      <icon>
        <ID/>
        <iconFontName>jdIonicons</iconFontName>
        <iconCode>62353</iconCode>
      </icon>
      <URL>273F820FD8252835AA1E7927378AF485.svg</URL>
    </control>
    <control controlID="99E18EEE-2E22-404F-A203-D73A395BDB4C" controlTypeID="TextInput" x="78" y="265" w="256" h="45" zOrder="13">
      <borderColor>4284927231</borderColor>
      <font family="%E7%AD%89%E7%BA%BF+Light" displayName="%E7%AD%89%E7%BA%BF+Light" postScript="" weightStyle="Regular" weight="300" isBold="False" isItalic="False" useDefaultFontFamily="False"/>
      <textColor>4284927231</textColor>
      <textSize>18</textSize>
      <textAlign>HaCenter</textAlign>
      <lineSpacing>0</lineSpacing>
      <useDefaultTextSize>False</useDefaultTextSize>
      <selectedIndex>-1</selectedIndex>
      <placeHolder>Comments%3F</placeHolder>
    </control>
    <control controlID="94D1E031-7528-44D0-9E42-D202C64AE200" controlTypeID="Image" x="23" y="210" w="45" h="45" zOrder="14">
      <URL>C3F54CC0DAA83EB09A3BC8D826191F5F.png</URL>
    </control>
    <control controlID="821FF5DC-63BD-4503-BC81-19EE9B403750" controlTypeID="Icon" x="23" y="320" w="45" h="45" zOrder="15">
      <color>4284927231</color>
      <icon>
        <ID/>
        <iconFontName>jdIonicons</iconFontName>
        <iconCode>62348</iconCode>
      </icon>
      <URL>C9A19AEA8333861081ABFD164D361FEF.svg</URL>
    </control>
    <control controlID="14A17416-5604-4017-B928-B9D5382A228C" controlTypeID="CompositeComboBox" x="78" y="211" w="256" h="45" zOrder="16">
      <borderColor>4284927231</borderColor>
      <groupChildrenDescriptors>
        <control controlID="48832AE8-16A5-46F3-A5B6-24DF966A7086" controlTypeID="TextInput" x="0" y="0" w="233" h="45" zOrder="0">
          <locked>True</locked>
          <borderColor>4284927231</borderColor>
          <canMove>False</canMove>
          <alias>input</alias>
          <font family="%E7%AD%89%E7%BA%BF+Light" displayName="%E7%AD%89%E7%BA%BF+Light" postScript="" weightStyle="Regular" weight="300" isBold="False" isItalic="False" useDefaultFontFamily="False"/>
          <text>--Social+Situation%3F--</text>
          <textColor>4284927231</textColor>
          <textSize>18</textSize>
          <lineSpacing>0</lineSpacing>
          <selectedIndex>-1</selectedIndex>
        </control>
        <control controlID="D03744D6-92FB-47B8-A848-902C3A47300B" controlTypeID="Button" x="232" y="0" w="24" h="45" zOrder="1">
          <locked>True</locked>
          <borderColor>4284927231</borderColor>
          <canMove>False</canMove>
          <alias>button</alias>
          <font family="%E5%BE%AE%E8%BD%AF%E9%9B%85%E9%BB%91" displayName="%E5%BE%AE%E8%BD%AF%E9%9B%85%E9%BB%91" postScript="" weightStyle="Regular" weight="400" isBold="False" isItalic="False"/>
          <lineSpacing>0</lineSpacing>
          <selectedIndex>-1</selectedIndex>
          <radius>0</radius>
        </control>
        <control controlID="B3975AAB-8ACF-4498-B7CA-848AC8EA846D" controlTypeID="List" x="0" y="45" w="256" h="227" zOrder="2">
          <isShow>False</isShow>
          <borderColor>4284927231</borderColor>
          <canMove>False</canMove>
          <alias>dropDown</alias>
          <font family="%E7%AD%89%E7%BA%BF+Light" displayName="%E7%AD%89%E7%BA%BF+Light" postScript="" weightStyle="Regular" weight="300" isBold="False" isItalic="False" useDefaultFontFamily="False"/>
          <text>--Social+Situation%3F--%0D%0AAlone%0D%0AWith+one+other+person%0D%0AWith+a+small+group%0D%0AWIth+a+crowd%0D%0A</text>
          <textSize>18</textSize>
          <lineSpacing>0</lineSpacing>
          <itemHeight>45</itemHeight>
          <interlaceColor>4294967295</interlaceColor>
        </control>
      </groupChildrenDescriptors>
      <baseHeight>45</baseHeight>
      <font family="%E7%AD%89%E7%BA%BF+Light"/>
      <textColor>4284927231</textColor>
      <textSize>18</textSize>
    </control>
    <control controlID="2293FA11-F125-42A0-BDA7-98E4EF014AEC" controlTypeID="Switch" x="256" y="322" w="78" h="35" zOrder="17">
      <color>4292730333</color>
      <borderColor>4284927231</borderColor>
      <borderVisible>False</borderVisible>
      <onColor>4284927231</onColor>
    </control>
    <control controlID="45DCCA78-1380-401F-B720-F38AB601D7DF" controlTypeID="Label" x="84" y="328" w="130" h="24" zOrder="18">
      <font family="%E7%AD%89%E7%BA%BF+Light" displayName="%E7%AD%89%E7%BA%BF+Light" postScript="" weightStyle="Regular" weight="300" isBold="False" isItalic="False" useDefaultFontFamily="False"/>
      <text>Include+Location%3F</text>
      <textColor>4284927231</textColor>
      <textSize>18</textSize>
      <lineSpacing>0</lineSpacing>
      <useDefaultTextSize>False</useDefaultTextSize>
      <selectedIndex>-1</selectedIndex>
    </control>
    <control controlID="2EBA6AD1-D85C-4370-BA36-5BD2805C7CE3" controlTypeID="Image" x="23" y="375" w="45" h="45" zOrder="19">
      <URL>C93E5DB575CF3B81893ADD27F2CFFCC4.png</URL>
    </control>
    <control controlID="274A3B56-6B3B-4385-89E5-C8131DACD822" controlTypeID="Label" x="84" y="385" w="113" h="24" zOrder="20">
      <font family="%E7%AD%89%E7%BA%BF+Light" displayName="%E7%AD%89%E7%BA%BF+Light" postScript="" weightStyle="Regular" weight="300" isBold="False" isItalic="False" useDefaultFontFamily="False"/>
      <text>Add+an+image%3F</text>
      <textColor>4284927231</textColor>
      <textSize>18</textSize>
      <lineSpacing>0</lineSpacing>
      <useDefaultTextSize>False</useDefaultTextSize>
      <selectedIndex>-1</selectedIndex>
    </control>
    <control controlID="D88F1397-53E8-4678-81F4-0DBE17D17012" controlTypeID="Button" x="256" y="375" w="78" h="35" zOrder="21">
      <color>4284927231</color>
      <borderColor>4278242559</borderColor>
      <font family="%E5%BE%AE%E8%BD%AF%E9%9B%85%E9%BB%91" displayName="%E5%BE%AE%E8%BD%AF%E9%9B%85%E9%BB%91" postScript="" weightStyle="Regular" weight="400" isBold="False" isItalic="False"/>
      <text>%2B+Image</text>
      <textColor>4294967295</textColor>
      <lineSpacing>0</lineSpacing>
      <selectedIndex>-1</selectedIndex>
      <radius>2</radius>
    </control>
    <control controlID="F0887D18-8F32-4F66-9C0F-581FD267B67C" controlTypeID="Icon" x="23" y="100" w="45" h="45" zOrder="22">
      <color>4284927231</color>
      <icon>
        <ID/>
        <iconFontName>jdIonicons</iconFontName>
        <iconCode>62298</iconCode>
      </icon>
      <URL>3D5E90344E23C923EF92911B802563ED.svg</URL>
    </control>
    <control controlID="5FABDD37-4769-4265-9DFD-3454F58C1F48" controlTypeID="TextInput" x="78" y="100" w="256" h="45" zOrder="23">
      <borderColor>4284927231</borderColor>
      <font family="%E7%AD%89%E7%BA%BF+Light" displayName="%E7%AD%89%E7%BA%BF+Light" postScript="" weightStyle="Regular" weight="300" isBold="False" isItalic="False" useDefaultFontFamily="False"/>
      <text>2019-10-16+09%3A56%3A59</text>
      <textColor>4284927231</textColor>
      <textSize>18</textSize>
      <textAlign>HaCenter</textAlign>
      <lineSpacing>0</lineSpacing>
      <useDefaultTextSize>False</useDefaultTextSize>
      <selectedIndex>-1</selectedIndex>
      <canInput>False</canInput>
    </control>
    <control controlID="36BD255F-45D7-4E80-B48A-67EC4F6123AC" controlTypeID="Gif" x="105" y="424" w="150" h="150" zOrder="24"/>
  </controls>
  <param>
    <backgroundColor>4294967295</backgroundColor>
    <fontSize>0</fontSize>
    <fontFamily/>
    <guideLines/>
  </param>
</mockup>