﻿<LinkSources version="1.02">
  <page ID="12CFE421-46CE-4281-BD8F-DDDD1B787E3D">
    <linkSource sourcePageID="373853AB-E85E-4412-9562-CA5F60ECD1F7" comID="28F30875-83E8-44D7-936C-EBFE08646AE4" comLinkType="cltPageLink"/>
    <linkSource sourcePageID="FE70BFFA-C699-4001-9FEA-ED3861D08DCB" comID="D88F1397-53E8-4678-81F4-0DBE17D17012" comLinkType="cltPageLink"/>
  </page>
  <page ID="590BB407-6748-4D8C-A7F7-D608CB90500B">
    <linkSource sourcePageID="12CFE421-46CE-4281-BD8F-DDDD1B787E3D" comID="44F49210-A57E-4869-8B2A-ECC499E00723" comLinkType="cltPageLink"/>
    <linkSource sourcePageID="373853AB-E85E-4412-9562-CA5F60ECD1F7" comID="1C8BD4E4-DC06-44DF-AE5F-839B8C84E69C" comLinkType="cltPageLink"/>
  </page>
  <page ID="38381CBD-5D8A-4BB3-9C76-4F9FDC1E7441">
    <linkSource sourcePageID="590BB407-6748-4D8C-A7F7-D608CB90500B" comID="F5391154-A83B-4E87-BFAE-50316F80A465" comLinkType="cltPageLink"/>
    <linkSource sourcePageID="3DA3CBBA-396A-4985-8A4A-FF31BB10ABBA" comID="4ECB5377-D2D5-41D5-AA61-B19C9362D53A" comLinkType="cltPageLink"/>
    <linkSource sourcePageID="FE70BFFA-C699-4001-9FEA-ED3861D08DCB" comID="CF339005-5859-4298-8909-D4D3295E0849" comLinkType="cltPageLink"/>
    <linkSource sourcePageID="8948A0DB-0DC4-4561-BBA7-3D6AC8D58F83" comID="26231A55-2DF9-4C8C-A741-70A7B286B36A" comLinkType="cltPageLink"/>
    <linkSource sourcePageID="99FBBEBF-5621-42D1-82F8-F5CFD925F04A" comID="1E0EA363-9044-48C3-822E-F2C988C6E970" comLinkType="cltPageLink"/>
    <linkSource sourcePageID="822BE20E-9CC2-46AD-A1D6-6CA9050D3C28" comID="7CC1EB2C-36D9-433F-B719-526FFF8F0F92" comLinkType="cltPageLink"/>
    <linkSource sourcePageID="01E931DA-745F-42DF-A2B9-BF7BE5CCFE5D" comID="97EE0568-FE29-4935-B826-4979E2091DCC" comLinkType="cltPageLink"/>
    <linkSource sourcePageID="C4173E57-7BF1-430F-8171-7916237C2F1A" comID="CB916E58-46DC-4BC1-82E1-DC673F920A7F" comLinkType="cltPageLink"/>
    <linkSource sourcePageID="7110ACB6-31F4-42A7-AB9F-33644F29A409" comID="82CA579F-F655-4D58-BCB7-750D14541A6E" comLinkType="cltPageLink"/>
    <linkSource sourcePageID="D473A54C-78D6-47EB-9087-FBD8D4447925" comID="8B95C5F5-4789-45C2-A0D5-FE296048AACD" comLinkType="cltPageLink"/>
    <linkSource sourcePageID="E166939B-9366-4FCD-90CF-FEB1F38702B2" comID="512F1D28-08D4-46D9-BD07-EDE79150BC1E" comLinkType="cltPageLink"/>
    <linkSource sourcePageID="3CD2585F-00DD-4E11-8177-32F4B2375516" comID="7EBC0D76-A529-46C4-8786-2B391B10458A" comLinkType="cltPageLink"/>
    <linkSource sourcePageID="F481D3A1-5B6D-4A90-B889-C2D5F9A37F82" comID="91B47F92-3067-496F-A49A-05A8E084A253" comLinkType="cltPageLink"/>
    <linkSource sourcePageID="1C7A34DF-AB2B-4389-9757-E8F32C1D7FE2" comID="CC9869D4-E5EB-45EC-AAE7-FD0AA97073F6" comLinkType="cltPageLink"/>
    <linkSource sourcePageID="8E37487E-73D1-4265-AF04-E2A3B8C8B1BC" comID="BDAA38E6-8182-4336-A132-A4EB6E233803" comLinkType="cltPageLink"/>
    <linkSource sourcePageID="7EEF8204-AA12-46CC-8A22-5419C37A4194" comID="68FADAB8-2DAC-493F-B5E4-A4D42801F678" comLinkType="cltPageLink"/>
    <linkSource sourcePageID="D4C0C9B3-1E3E-4E42-8B5F-568420CEB014" comID="68FADAB8-2DAC-493F-B5E4-A4D42801F678" comLinkType="cltPageLink"/>
  </page>
  <page ID="8E37487E-73D1-4265-AF04-E2A3B8C8B1BC">
    <linkSource sourcePageID="38381CBD-5D8A-4BB3-9C76-4F9FDC1E7441" comID="0101D429-15AF-4BBF-92C7-D93C697121D6" comLinkType="cltPageLink"/>
    <linkSource sourcePageID="7EEF8204-AA12-46CC-8A22-5419C37A4194" comID="72AC6A08-BB44-4827-8AA7-143D8F3FA619" comLinkType="cltPageLink"/>
    <linkSource sourcePageID="D4C0C9B3-1E3E-4E42-8B5F-568420CEB014" comID="72AC6A08-BB44-4827-8AA7-143D8F3FA619" comLinkType="cltPageLink"/>
  </page>
  <page ID="7EEF8204-AA12-46CC-8A22-5419C37A4194">
    <linkSource sourcePageID="38381CBD-5D8A-4BB3-9C76-4F9FDC1E7441" comID="2ABC3C3E-A54C-4B30-9798-E2EDEEAAA7F0" comLinkType="cltPageLink"/>
  </page>
  <page ID="3DA3CBBA-396A-4985-8A4A-FF31BB10ABBA">
    <linkSource sourcePageID="38381CBD-5D8A-4BB3-9C76-4F9FDC1E7441" comID="F6E559F5-A735-4A98-800E-1B705655017A" comLinkType="cltPageLink"/>
    <linkSource sourcePageID="FE70BFFA-C699-4001-9FEA-ED3861D08DCB" comID="59668562-6000-4E63-990A-DA5C051B92FB" comLinkType="cltPageLink"/>
    <linkSource sourcePageID="8948A0DB-0DC4-4561-BBA7-3D6AC8D58F83" comID="733A1146-0E14-40AB-B8F4-AA5B164102B2" comLinkType="cltPageLink"/>
    <linkSource sourcePageID="99FBBEBF-5621-42D1-82F8-F5CFD925F04A" comID="87EC82DC-2628-4BDA-AC2C-E8447EA8D4AD" comLinkType="cltPageLink"/>
    <linkSource sourcePageID="7110ACB6-31F4-42A7-AB9F-33644F29A409" comID="08254C68-6332-48FE-B989-0C185E21665C" comLinkType="cltPageLink"/>
    <linkSource sourcePageID="D473A54C-78D6-47EB-9087-FBD8D4447925" comID="A98A164C-4C74-4E0C-ABE4-10BD46E09254" comLinkType="cltPageLink"/>
    <linkSource sourcePageID="E166939B-9366-4FCD-90CF-FEB1F38702B2" comID="D2D51C55-1EC3-4C32-BD72-DEFC0927FEA4" comLinkType="cltPageLink"/>
    <linkSource sourcePageID="3CD2585F-00DD-4E11-8177-32F4B2375516" comID="A56C6CB8-90FC-411F-88E7-653C4F19464D" comLinkType="cltPageLink"/>
    <linkSource sourcePageID="F481D3A1-5B6D-4A90-B889-C2D5F9A37F82" comID="4988C56B-1155-474C-B5FF-41B49FED9178" comLinkType="cltPageLink"/>
    <linkSource sourcePageID="1C7A34DF-AB2B-4389-9757-E8F32C1D7FE2" comID="857E05E5-FF86-4016-8225-7D9CBF9D4C80" comLinkType="cltPageLink"/>
  </page>
  <page ID="822BE20E-9CC2-46AD-A1D6-6CA9050D3C28">
    <linkSource sourcePageID="3DA3CBBA-396A-4985-8A4A-FF31BB10ABBA" comID="B3B4BBE1-54FA-48C1-8077-5429ABCFBC6C" comLinkType="cltPageLink"/>
    <linkSource sourcePageID="01E931DA-745F-42DF-A2B9-BF7BE5CCFE5D" comID="451C46F7-99EB-4F1F-86C8-8A7D024B22E5" comLinkType="cltPageLink"/>
    <linkSource sourcePageID="C4173E57-7BF1-430F-8171-7916237C2F1A" comID="9DB5B0C1-55B0-4FB1-923A-9CB0F44AD61F" comLinkType="cltPageLink"/>
    <linkSource sourcePageID="DAD693B5-0D92-4D4E-A710-DEF553CC639C" comID="A18B2C77-FA2C-42A5-895D-913D2BBD2DD8" comLinkType="cltPageLink"/>
    <linkSource sourcePageID="770D5E5A-0D23-419B-9A5F-D11B3E472709" comID="794AED44-763B-4957-9499-34B4F8FFEF97" comLinkType="cltPageLink"/>
  </page>
  <page ID="01E931DA-745F-42DF-A2B9-BF7BE5CCFE5D">
    <linkSource sourcePageID="822BE20E-9CC2-46AD-A1D6-6CA9050D3C28" comID="F0054EFB-52B8-4496-9EC4-B368B341BB56" comLinkType="cltPageLink"/>
    <linkSource sourcePageID="822BE20E-9CC2-46AD-A1D6-6CA9050D3C28" comID="8352C812-D87B-433E-8D06-E9EB3126A635" comLinkType="cltPageLink"/>
    <linkSource sourcePageID="822BE20E-9CC2-46AD-A1D6-6CA9050D3C28" comID="C8061D1E-13A9-44AA-B6E9-FB5094DDA74B" comLinkType="cltPageLink"/>
    <linkSource sourcePageID="822BE20E-9CC2-46AD-A1D6-6CA9050D3C28" comID="363B98BB-03B6-4A1A-AE6E-92C134204EF7" comLinkType="cltPageLink"/>
  </page>
  <page ID="C4173E57-7BF1-430F-8171-7916237C2F1A">
    <linkSource sourcePageID="01E931DA-745F-42DF-A2B9-BF7BE5CCFE5D" comID="DF5E9FE0-47A5-4ACA-9DF1-E2880B0B205C" comLinkType="cltPageLink"/>
  </page>
  <page ID="7110ACB6-31F4-42A7-AB9F-33644F29A409">
    <linkSource sourcePageID="D473A54C-78D6-47EB-9087-FBD8D4447925" comID="0B5CEF3D-5AEE-4269-A554-112BA589C773" comLinkType="cltPageLink"/>
    <linkSource sourcePageID="38381CBD-5D8A-4BB3-9C76-4F9FDC1E7441" comID="4634A299-034E-4ED6-96C4-E50CA674CFBC" comLinkType="cltPageLink"/>
    <linkSource sourcePageID="3DA3CBBA-396A-4985-8A4A-FF31BB10ABBA" comID="619A5A7B-0494-4615-B554-91BFD8F38383" comLinkType="cltPageLink"/>
    <linkSource sourcePageID="01E931DA-745F-42DF-A2B9-BF7BE5CCFE5D" comID="A64A9822-CFA7-4C91-A1E3-33BBF8ADDF61" comLinkType="cltPageLink"/>
    <linkSource sourcePageID="C4173E57-7BF1-430F-8171-7916237C2F1A" comID="E583FC56-8B7A-400F-A218-1AB66DEB8C15" comLinkType="cltPageLink"/>
    <linkSource sourcePageID="8948A0DB-0DC4-4561-BBA7-3D6AC8D58F83" comID="15229ADA-EE61-4C5A-97B7-335A410481D5" comLinkType="cltPageLink"/>
    <linkSource sourcePageID="99FBBEBF-5621-42D1-82F8-F5CFD925F04A" comID="FB54BCF4-CA2B-417B-9A32-46E0E1294F48" comLinkType="cltPageLink"/>
    <linkSource sourcePageID="3CD2585F-00DD-4E11-8177-32F4B2375516" comID="A036D5BB-3F03-49E6-AB53-F5B065E4A481" comLinkType="cltPageLink"/>
    <linkSource sourcePageID="F481D3A1-5B6D-4A90-B889-C2D5F9A37F82" comID="781F5830-6A63-4FCF-93F6-3718CFC0F2D7" comLinkType="cltPageLink"/>
    <linkSource sourcePageID="1C7A34DF-AB2B-4389-9757-E8F32C1D7FE2" comID="268CA338-32E2-4FC7-B268-D344B26360FE" comLinkType="cltPageLink"/>
  </page>
  <page ID="D473A54C-78D6-47EB-9087-FBD8D4447925">
    <linkSource sourcePageID="7110ACB6-31F4-42A7-AB9F-33644F29A409" comID="1942837F-639E-4927-856F-E6B08AA822B9" comLinkType="cltPageLink"/>
    <linkSource sourcePageID="7110ACB6-31F4-42A7-AB9F-33644F29A409" comID="3220B6AE-6DF6-4518-B344-120AF4399728" comLinkType="cltPageLink"/>
    <linkSource sourcePageID="B80164C8-A5F6-473D-8B94-D25DE9601EE3" comID="4C93555E-DC0D-48F9-B624-8D8F5A8B4BAF" comLinkType="cltPageLink"/>
    <linkSource sourcePageID="7110ACB6-31F4-42A7-AB9F-33644F29A409" comID="FE6B3513-A0C0-4097-8E88-89556C220C84" comLinkType="cltPageLink"/>
    <linkSource sourcePageID="7110ACB6-31F4-42A7-AB9F-33644F29A409" comID="A2DD9E26-6BEB-497B-B05C-F78451B5BDD5" comLinkType="cltPageLink"/>
    <linkSource sourcePageID="D473A54C-78D6-47EB-9087-FBD8D4447925" comID="8CFE9E65-2673-4596-8CDE-61BE65E146FF" comLinkType="cltPageLink"/>
    <linkSource sourcePageID="E166939B-9366-4FCD-90CF-FEB1F38702B2" comID="16E18490-350F-4AA5-B36F-6455F169B107" comLinkType="cltPageLink"/>
  </page>
  <page ID="E166939B-9366-4FCD-90CF-FEB1F38702B2">
    <linkSource sourcePageID="B80164C8-A5F6-473D-8B94-D25DE9601EE3" comID="4C93555E-DC0D-48F9-B624-8D8F5A8B4BAF" comLinkType="cltPageLink"/>
    <linkSource sourcePageID="7110ACB6-31F4-42A7-AB9F-33644F29A409" comID="A2DD9E26-6BEB-497B-B05C-F78451B5BDD5" comLinkType="cltPageLink"/>
    <linkSource sourcePageID="D473A54C-78D6-47EB-9087-FBD8D4447925" comID="EA1446F9-F5AC-4626-A8C2-6DDE8EB89834" comLinkType="cltPageLink"/>
    <linkSource sourcePageID="1468A4DD-1D8F-4371-8007-65626B131C9C" comID="54A8D875-344C-4F1A-8C18-3611776E4D33" comLinkType="cltPageLink"/>
    <linkSource sourcePageID="68FB9C23-FD13-460B-A7DE-9DE460B749BE" comID="9FE652DD-BFAB-4E3F-A5EC-DFB9B8D69E69" comLinkType="cltPageLink"/>
  </page>
  <page ID="8948A0DB-0DC4-4561-BBA7-3D6AC8D58F83">
    <linkSource sourcePageID="38381CBD-5D8A-4BB3-9C76-4F9FDC1E7441" comID="C36F5685-C81E-4936-821C-3D7B3F0624EC" comLinkType="cltPageLink"/>
    <linkSource sourcePageID="3DA3CBBA-396A-4985-8A4A-FF31BB10ABBA" comID="BBEAF7CF-5455-4C36-98A2-9E8F8D289339" comLinkType="cltPageLink"/>
    <linkSource sourcePageID="FE70BFFA-C699-4001-9FEA-ED3861D08DCB" comID="DA33DDC2-E55A-4022-B22C-FFD4837668CE" comLinkType="cltPageLink"/>
    <linkSource sourcePageID="99FBBEBF-5621-42D1-82F8-F5CFD925F04A" comID="8EFD710F-A806-4E21-A50B-55C9502993DE" comLinkType="cltPageLink"/>
    <linkSource sourcePageID="822BE20E-9CC2-46AD-A1D6-6CA9050D3C28" comID="0D5ED8E8-602E-45B7-84FB-6C973090DD94" comLinkType="cltPageLink"/>
    <linkSource sourcePageID="01E931DA-745F-42DF-A2B9-BF7BE5CCFE5D" comID="9D88D464-272E-4694-9CA0-63CE5C8E51E0" comLinkType="cltPageLink"/>
    <linkSource sourcePageID="C4173E57-7BF1-430F-8171-7916237C2F1A" comID="69D77C2D-FC12-48CE-8A16-5F938B732DFE" comLinkType="cltPageLink"/>
    <linkSource sourcePageID="7110ACB6-31F4-42A7-AB9F-33644F29A409" comID="71DDBDAF-6D64-4759-ADDE-6705971AB445" comLinkType="cltPageLink"/>
    <linkSource sourcePageID="D473A54C-78D6-47EB-9087-FBD8D4447925" comID="08E590EF-A1DF-4BDE-BADA-3B9E242628C4" comLinkType="cltPageLink"/>
    <linkSource sourcePageID="E166939B-9366-4FCD-90CF-FEB1F38702B2" comID="6148F25B-795E-437F-9F8D-37C120EB50A5" comLinkType="cltPageLink"/>
    <linkSource sourcePageID="1C7A34DF-AB2B-4389-9757-E8F32C1D7FE2" comID="BD5BBA36-2FA9-4A2A-BF09-BD3FC3D68946" comLinkType="cltPageLink"/>
  </page>
  <page ID="3CD2585F-00DD-4E11-8177-32F4B2375516">
    <linkSource sourcePageID="8948A0DB-0DC4-4561-BBA7-3D6AC8D58F83" comID="A593FD96-DD8A-4952-AA36-76EA1B36458E" comLinkType="cltPageLink"/>
    <linkSource sourcePageID="99FBBEBF-5621-42D1-82F8-F5CFD925F04A" comID="252E0D5C-F0A4-4BB9-85A8-CB77816B85F2" comLinkType="cltPageLink"/>
    <linkSource sourcePageID="99FBBEBF-5621-42D1-82F8-F5CFD925F04A" comID="66ED1D33-92F5-4A53-8CF3-653C52B8B718" comLinkType="cltPageLink"/>
  </page>
  <page ID="F481D3A1-5B6D-4A90-B889-C2D5F9A37F82">
    <linkSource sourcePageID="3CD2585F-00DD-4E11-8177-32F4B2375516" comID="F350595F-A773-4835-AAC5-BAAA7450BD12" comLinkType="cltPageLink"/>
    <linkSource sourcePageID="3CD2585F-00DD-4E11-8177-32F4B2375516" comID="B00ADC42-6330-4BD8-9629-0B5A51D8F546" comLinkType="cltPageLink"/>
  </page>
  <page ID="99FBBEBF-5621-42D1-82F8-F5CFD925F04A">
    <linkSource sourcePageID="38381CBD-5D8A-4BB3-9C76-4F9FDC1E7441" comID="9390DF80-2393-4239-BB51-BB3643FB2739" comLinkType="cltPageLink"/>
    <linkSource sourcePageID="3DA3CBBA-396A-4985-8A4A-FF31BB10ABBA" comID="EDBCCC1E-31EC-4E44-9B23-60B74F60B21C" comLinkType="cltPageLink"/>
    <linkSource sourcePageID="FE70BFFA-C699-4001-9FEA-ED3861D08DCB" comID="E0CB8A1C-DC32-4F45-B603-09534D43DEDB" comLinkType="cltPageLink"/>
    <linkSource sourcePageID="8948A0DB-0DC4-4561-BBA7-3D6AC8D58F83" comID="4C007797-BA5E-45BC-8182-E77795D16005" comLinkType="cltPageLink"/>
    <linkSource sourcePageID="822BE20E-9CC2-46AD-A1D6-6CA9050D3C28" comID="1A444219-7FBD-4262-AB3F-9A52D33C74F2" comLinkType="cltPageLink"/>
    <linkSource sourcePageID="01E931DA-745F-42DF-A2B9-BF7BE5CCFE5D" comID="3487ACD5-27D1-4AEC-9FE2-25FEEA957730" comLinkType="cltPageLink"/>
    <linkSource sourcePageID="C4173E57-7BF1-430F-8171-7916237C2F1A" comID="A9BC02B4-239B-4048-9C8B-29CC131F7351" comLinkType="cltPageLink"/>
    <linkSource sourcePageID="7110ACB6-31F4-42A7-AB9F-33644F29A409" comID="A563FFF7-BA20-43BD-A5BE-0EBCBA25DA93" comLinkType="cltPageLink"/>
    <linkSource sourcePageID="D473A54C-78D6-47EB-9087-FBD8D4447925" comID="DEE949A1-CCB8-49A3-B49B-22D6BD62ADBB" comLinkType="cltPageLink"/>
    <linkSource sourcePageID="E166939B-9366-4FCD-90CF-FEB1F38702B2" comID="81E8B07F-C8E0-478F-AF19-CE8259E7C3AE" comLinkType="cltPageLink"/>
    <linkSource sourcePageID="3CD2585F-00DD-4E11-8177-32F4B2375516" comID="F948C823-8C6F-4E8D-9AD3-3812309672D2" comLinkType="cltPageLink"/>
    <linkSource sourcePageID="F481D3A1-5B6D-4A90-B889-C2D5F9A37F82" comID="B5A29506-C79A-483A-8537-634458080415" comLinkType="cltPageLink"/>
    <linkSource sourcePageID="1468A4DD-1D8F-4371-8007-65626B131C9C" comID="6B63D871-1126-47EB-9843-9B8F3AF2ADAD" comLinkType="cltPageLink"/>
    <linkSource sourcePageID="1468A4DD-1D8F-4371-8007-65626B131C9C" comID="027C7A8A-E323-40E3-856E-426EA2F7D358" comLinkType="cltPageLink"/>
    <linkSource sourcePageID="D473A54C-78D6-47EB-9087-FBD8D4447925" comID="F697EF51-E19D-44C3-B264-B50D2963FD71" comLinkType="cltPageLink"/>
    <linkSource sourcePageID="E166939B-9366-4FCD-90CF-FEB1F38702B2" comID="7AA25B11-E0B0-4B21-9108-7B6F38DE444B" comLinkType="cltPageLink"/>
    <linkSource sourcePageID="68FB9C23-FD13-460B-A7DE-9DE460B749BE" comID="A45D5D02-AEF5-46BA-A293-27A9231219F8" comLinkType="cltPageLink"/>
    <linkSource sourcePageID="767D3B9C-059E-49BF-B43A-775BF133483B" comID="76FD55D4-D7F6-4B29-802C-DC6FB8F2A4C8" comLinkType="cltPageLink"/>
    <linkSource sourcePageID="8E37487E-73D1-4265-AF04-E2A3B8C8B1BC" comID="BDAA38E6-8182-4336-A132-A4EB6E233803" comLinkType="cltPageLink"/>
    <linkSource sourcePageID="D4C0C9B3-1E3E-4E42-8B5F-568420CEB014" comID="68FADAB8-2DAC-493F-B5E4-A4D42801F678" comLinkType="cltPageLink"/>
    <linkSource sourcePageID="DAD693B5-0D92-4D4E-A710-DEF553CC639C" comID="3D4304AA-2DF9-4DC8-B2B0-6B8B1235DF3D" comLinkType="cltPageLink"/>
    <linkSource sourcePageID="770D5E5A-0D23-419B-9A5F-D11B3E472709" comID="715BC1DD-50B8-4DD5-BED6-E6A1DC4FA9D6" comLinkType="cltPageLink"/>
  </page>
  <page ID="1468A4DD-1D8F-4371-8007-65626B131C9C">
    <linkSource sourcePageID="99FBBEBF-5621-42D1-82F8-F5CFD925F04A" comID="9CCFF981-4A47-477A-AEFF-8EDD80CA9239" comLinkType="cltPageLink"/>
    <linkSource sourcePageID="1C7A34DF-AB2B-4389-9757-E8F32C1D7FE2" comID="ABE65DDB-A633-4708-88BA-5B4BA4B574D5" comLinkType="cltPageLink"/>
  </page>
  <page ID="1C7A34DF-AB2B-4389-9757-E8F32C1D7FE2">
    <linkSource sourcePageID="99FBBEBF-5621-42D1-82F8-F5CFD925F04A" comID="3D96C197-D25A-418B-BCA0-16B7CD15A9AB" comLinkType="cltPageLink"/>
  </page>
  <page ID="68FB9C23-FD13-460B-A7DE-9DE460B749BE">
    <linkSource sourcePageID="99FBBEBF-5621-42D1-82F8-F5CFD925F04A" comID="3DB6BBB9-4368-4EC3-A6B5-CF357EFCDC70" comLinkType="cltPageLink"/>
    <linkSource sourcePageID="D4C0C9B3-1E3E-4E42-8B5F-568420CEB014" comID="72AC6A08-BB44-4827-8AA7-143D8F3FA619" comLinkType="cltPageLink"/>
    <linkSource sourcePageID="1C7A34DF-AB2B-4389-9757-E8F32C1D7FE2" comID="4F9B222D-57EB-4CF1-B3C8-0B3BBC4CAD7A" comLinkType="cltPageLink"/>
  </page>
  <page ID="767D3B9C-059E-49BF-B43A-775BF133483B">
    <linkSource sourcePageID="D4C0C9B3-1E3E-4E42-8B5F-568420CEB014" comID="842916A0-E107-40BF-A176-5157740A89B0" comLinkType="cltPageLink"/>
    <linkSource sourcePageID="99FBBEBF-5621-42D1-82F8-F5CFD925F04A" comID="32F874F8-3E7E-46B0-AFD2-8D758C6B2E70" comLinkType="cltPageLink"/>
  </page>
  <page ID="D4C0C9B3-1E3E-4E42-8B5F-568420CEB014">
    <linkSource sourcePageID="99FBBEBF-5621-42D1-82F8-F5CFD925F04A" comID="D4A70D7B-63E8-470D-B946-92B6BB0262F2" comLinkType="cltPageLink"/>
    <linkSource sourcePageID="1C7A34DF-AB2B-4389-9757-E8F32C1D7FE2" comID="5E6B0197-267E-4846-8717-B2296FC6C28F" comLinkType="cltPageLink"/>
  </page>
  <page ID="DAD693B5-0D92-4D4E-A710-DEF553CC639C">
    <linkSource sourcePageID="99FBBEBF-5621-42D1-82F8-F5CFD925F04A" comID="BAC2BFFB-EB65-452B-8EBC-AB3D3971A055" comLinkType="cltPageLink"/>
  </page>
  <page ID="770D5E5A-0D23-419B-9A5F-D11B3E472709">
    <linkSource sourcePageID="DAD693B5-0D92-4D4E-A710-DEF553CC639C" comID="13233E85-3999-4938-992F-D7C54567BAFD" comLinkType="cltPageLink"/>
  </page>
</LinkSources>